emp_id,EmployeeNumber,Gender,MaritalStatus,BusinessTravel,OverTime,WorkLifeBalance,JobInvolvement,RelationshipSatisfaction,EnvironmentSatisfaction,JobSatisfaction,JobLevel,StockOptionLevel,Education,department dim.dep_id,education dim.edu_ID,job dim.job_id
1,1,Female,Single,Travel_Rarely,Yes,1,3,1,2,4,2,0,2,1,1,1
2,2,Male,Married,Travel_Frequently,No,3,2,4,3,2,2,1,1,2,1,2
4,5,Female,Married,Travel_Frequently,Yes,3,3,3,4,3,1,0,4,2,1,2
6,8,Male,Single,Travel_Frequently,No,2,3,3,4,4,1,0,2,2,1,3
3,4,Male,Single,Travel_Rarely,Yes,3,2,2,4,3,1,0,2,2,2,3
5,7,Male,Married,Travel_Rarely,No,3,3,4,1,2,1,1,1,2,3,3
7,10,Female,Married,Travel_Rarely,Yes,2,4,1,3,1,1,3,3,2,3,3
8,11,Male,Divorced,Travel_Rarely,No,3,3,2,4,3,1,1,1,2,1,3
9,12,Male,Single,Travel_Frequently,No,3,2,2,4,3,3,0,3,2,1,4
10,13,Male,Married,Travel_Rarely,No,2,3,2,3,3,2,2,3,2,3,5
11,14,Male,Married,Travel_Rarely,No,3,4,3,1,2,1,1,3,2,3,3
12,15,Female,Single,Travel_Rarely,Yes,3,2,4,4,3,2,0,2,2,1,3
13,16,Male,Divorced,Travel_Rarely,No,2,3,4,1,3,1,1,1,2,1,2
14,18,Male,Divorced,Travel_Rarely,No,3,3,3,2,4,1,1,2,2,3,3
15,19,Male,Single,Travel_Rarely,Yes,3,2,2,3,3,1,0,3,2,1,3
16,20,Female,Divorced,Travel_Rarely,No,3,4,3,2,1,3,1,4,2,1,4
17,21,Male,Divorced,Travel_Rarely,Yes,2,4,4,1,2,1,2,2,2,1,2
18,22,Male,Divorced,Non-Travel,Yes,2,4,2,4,4,1,2,2,2,3,3
19,23,Female,Married,Travel_Rarely,No,3,2,3,1,4,4,0,4,1,1,6
20,24,Male,Single,Travel_Rarely,Yes,3,3,3,4,4,1,0,3,2,1,2
21,26,Female,Divorced,Non-Travel,No,2,4,4,1,3,2,1,2,2,2,4
22,27,Male,Single,Travel_Rarely,No,3,2,2,3,1,1,0,4,1,1,7
23,28,Female,Single,Travel_Rarely,No,3,3,3,1,2,3,0,4,2,1,8
24,30,Male,Single,Travel_Rarely,No,3,3,4,3,4,1,0,2,2,1,2
25,31,Male,Single,Travel_Rarely,No,3,3,3,2,1,1,0,1,2,3,2
26,32,Female,Divorced,Travel_Rarely,No,2,3,4,3,3,5,1,3,2,2,6
27,33,Female,Single,Travel_Frequently,Yes,3,1,2,2,1,1,0,1,2,1,2
28,35,Male,Married,Travel_Rarely,No,3,3,4,3,2,2,1,4,1,4,1
29,36,Female,Married,Travel_Rarely,No,3,2,4,1,4,3,1,4,2,3,5
30,38,Female,Single,Travel_Rarely,No,2,3,4,2,1,5,0,4,1,4,6
31,39,Male,Single,Travel_Rarely,No,3,3,4,3,4,1,0,3,2,3,3
32,40,Male,Married,Travel_Rarely,Yes,4,3,4,4,4,2,0,4,2,2,5
33,41,Male,Single,Travel_Rarely,No,3,2,1,4,3,1,0,2,2,3,3
34,42,Male,Married,Travel_Rarely,No,4,3,3,4,4,2,1,3,1,5,7
35,45,Male,Married,Travel_Rarely,Yes,2,3,1,2,4,1,1,3,2,3,2
36,46,Female,Divorced,Travel_Rarely,No,2,4,4,4,3,1,2,2,2,3,2
37,47,Male,Married,Travel_Rarely,Yes,3,2,3,1,3,1,0,2,1,4,7
38,49,Female,Married,Travel_Rarely,No,3,3,1,4,4,1,0,3,1,4,7
39,51,Female,Married,Travel_Rarely,Yes,4,2,4,2,1,1,1,4,2,1,2
40,52,Female,Married,Travel_Frequently,No,3,4,1,3,1,2,2,3,1,1,1
41,53,Male,Divorced,Travel_Rarely,No,3,3,3,3,4,1,1,2,2,2,3
42,54,Female,Divorced,Travel_Rarely,No,3,3,4,4,1,1,1,4,2,1,3
43,55,Male,Single,Travel_Rarely,No,2,1,3,1,3,1,0,3,2,1,3
44,56,Male,Single,Travel_Frequently,No,3,3,4,4,3,3,0,3,1,1,1
45,57,Female,Single,Travel_Frequently,No,3,3,4,3,4,2,0,2,2,3,3
46,58,Female,Married,Travel_Rarely,No,3,3,4,2,3,5,0,3,2,5,8
47,60,Male,Single,Non-Travel,No,3,3,3,2,3,2,0,4,1,4,1
48,61,Male,Married,Travel_Rarely,No,3,3,1,2,2,1,0,2,2,1,2
49,62,Male,Single,Travel_Frequently,Yes,3,3,3,1,4,2,0,4,1,4,1
50,63,Male,Married,Travel_Rarely,No,3,4,4,4,4,1,0,1,2,1,3
51,64,Male,Single,Travel_Rarely,Yes,3,2,4,1,3,3,0,2,2,1,3
52,65,Male,Single,Travel_Rarely,Yes,2,3,3,3,3,1,0,4,2,5,3
53,68,Female,Divorced,Travel_Rarely,Yes,2,3,3,2,1,2,1,5,1,4,1
54,70,Male,Married,Non-Travel,Yes,3,2,3,3,1,3,1,2,2,3,5
55,72,Female,Married,Travel_Rarely,Yes,2,2,3,3,4,2,1,3,1,4,1
56,73,Female,Single,Travel_Frequently,Yes,3,3,3,1,4,3,0,2,2,1,8
57,74,Male,Married,Travel_Frequently,No,2,3,4,2,1,3,1,5,1,1,1
58,75,Female,Married,Travel_Rarely,Yes,3,3,3,3,1,1,1,4,2,3,3
59,76,Male,Divorced,Travel_Rarely,No,2,3,4,4,4,2,1,4,2,1,3
60,77,Male,Divorced,Travel_Rarely,No,4,2,3,1,3,2,1,4,2,1,4
61,78,Male,Married,Travel_Rarely,Yes,3,3,2,1,4,2,1,3,2,3,4
62,79,Female,Single,Travel_Frequently,No,3,3,4,4,4,2,0,5,2,1,3
63,80,Female,Divorced,Travel_Rarely,Yes,2,2,4,2,3,5,1,2,2,3,8
64,81,Female,Single,Travel_Rarely,No,2,3,4,1,1,3,0,3,1,1,1
65,83,Female,Divorced,Travel_Rarely,No,3,3,2,3,3,3,3,3,2,5,5
66,84,Female,Divorced,Travel_Rarely,Yes,3,3,3,4,3,4,3,3,2,3,6
67,85,Male,Single,Travel_Frequently,No,3,2,3,2,2,2,0,3,2,1,4
68,86,Male,Divorced,Travel_Rarely,No,3,3,3,2,1,3,1,3,2,1,2
69,88,Male,Married,Travel_Frequently,No,2,3,4,2,1,1,1,3,2,3,2
70,90,Male,Married,Travel_Rarely,Yes,2,2,1,4,3,1,1,3,2,3,2
71,91,Female,Single,Travel_Frequently,No,2,2,4,1,3,2,0,1,1,1,1
72,94,Male,Married,Travel_Rarely,No,3,3,4,3,2,1,1,3,2,1,2
73,95,Male,Single,Travel_Rarely,No,3,3,2,3,2,1,0,4,2,3,2
74,96,Male,Married,Travel_Rarely,No,3,3,2,2,2,2,2,3,2,1,2
75,97,Female,Married,Travel_Rarely,No,3,4,2,2,4,1,0,3,2,1,3
76,98,Female,Single,Travel_Rarely,No,3,3,4,3,4,2,0,4,2,1,4
77,100,Male,Single,Travel_Rarely,No,3,2,2,3,1,2,0,4,1,4,1
78,101,Male,Married,Travel_Rarely,Yes,4,3,2,4,1,3,0,4,2,2,8
79,102,Male,Single,Travel_Rarely,No,4,3,1,1,3,3,0,4,2,3,8
80,103,Male,Divorced,Travel_Rarely,Yes,3,3,4,2,2,2,1,2,3,3,9
81,104,Male,Married,Travel_Rarely,Yes,2,2,3,4,4,2,2,1,2,1,3
82,105,Male,Single,Travel_Rarely,No,3,2,1,2,3,1,0,3,2,3,2
83,106,Male,Married,Travel_Rarely,No,3,3,4,1,4,3,1,2,1,1,1
84,107,Female,Divorced,Non-Travel,Yes,3,1,4,2,4,2,3,3,2,3,2
85,110,Male,Married,Travel_Rarely,No,3,3,3,1,2,2,0,2,2,3,4
86,112,Male,Single,Travel_Rarely,No,2,1,1,4,4,3,0,3,2,1,4
87,113,Male,Divorced,Travel_Rarely,No,3,3,3,3,1,1,1,1,1,5,7
88,116,Male,Married,Travel_Rarely,No,3,3,2,4,4,1,2,4,2,1,3
89,117,Male,Married,Travel_Rarely,No,3,2,1,3,4,2,3,3,2,1,5
90,118,Male,Single,Travel_Rarely,No,3,2,4,3,4,3,0,2,1,3,1
91,119,Male,Married,Travel_Frequently,No,2,2,4,3,2,4,1,4,2,1,5
92,120,Male,Single,Travel_Rarely,Yes,1,3,4,3,4,2,0,4,1,4,1
93,121,Female,Divorced,Travel_Rarely,Yes,2,2,2,3,2,2,3,2,1,3,1
94,124,Male,Married,Travel_Frequently,Yes,2,2,3,3,1,3,1,3,2,3,5
95,125,Male,Single,Travel_Rarely,No,3,3,1,2,3,2,0,4,1,3,1
96,126,Female,Married,Travel_Rarely,No,1,3,1,1,3,3,1,4,2,5,8
97,128,Female,Married,Travel_Rarely,No,2,3,1,1,3,2,1,2,1,2,1
98,129,Male,Married,Non-Travel,No,4,3,2,2,3,2,0,3,1,3,1
99,131,Male,Single,Travel_Rarely,No,2,3,3,4,3,4,0,4,1,3,1
100,132,Male,Married,Non-Travel,No,4,3,3,2,2,2,1,3,2,3,3
101,133,Male,Divorced,Travel_Rarely,Yes,3,3,4,3,1,1,0,4,3,6,9
102,134,Male,Single,Travel_Rarely,No,3,3,4,4,1,1,0,1,2,1,2
103,137,Female,Single,Travel_Frequently,Yes,3,2,2,4,4,1,0,3,2,1,3
104,138,Female,Single,Travel_Rarely,No,3,3,3,1,3,2,0,4,2,2,2
105,139,Male,Divorced,Non-Travel,No,4,2,4,3,4,2,1,2,2,1,5
106,140,Female,Married,Non-Travel,No,3,2,4,3,4,5,1,4,3,6,6
107,141,Female,Married,Travel_Frequently,Yes,2,3,1,1,2,5,0,3,2,1,8
108,142,Male,Single,Travel_Rarely,Yes,3,2,4,3,3,2,0,3,1,4,1
109,143,Male,Married,Travel_Rarely,No,3,2,3,4,4,1,2,1,2,3,2
110,144,Female,Single,Travel_Rarely,No,3,3,3,2,4,1,0,3,2,3,3
111,145,Female,Single,Travel_Frequently,No,2,2,3,1,1,3,0,4,2,3,5
112,147,Male,Single,Travel_Frequently,Yes,3,1,4,1,3,2,0,3,2,1,3
113,148,Female,Single,Non-Travel,Yes,3,4,3,4,4,4,0,3,3,6,6
114,150,Male,Married,Travel_Rarely,No,3,3,3,2,3,1,1,1,2,1,3
115,151,Female,Divorced,Travel_Rarely,No,3,2,3,3,2,2,1,4,2,1,2
116,152,Male,Single,Travel_Rarely,No,3,3,1,3,4,3,0,3,1,1,1
117,153,Female,Single,Travel_Rarely,No,3,2,4,3,1,3,0,3,2,3,6
118,154,Female,Married,Travel_Frequently,No,3,3,3,2,4,3,1,2,1,5,1
119,155,Female,Divorced,Travel_Rarely,No,3,3,1,1,4,1,1,2,2,1,3
120,158,Male,Married,Travel_Frequently,Yes,4,3,4,3,4,4,2,2,1,1,6
121,159,Male,Divorced,Travel_Frequently,No,2,1,3,1,3,1,3,3,2,1,2
122,160,Male,Married,Non-Travel,No,4,3,1,3,2,2,1,2,1,4,1
123,161,Female,Married,Travel_Rarely,Yes,3,3,1,2,2,1,3,4,2,1,2
124,162,Male,Single,Travel_Rarely,No,3,3,3,1,3,5,0,3,2,1,8
125,163,Male,Married,Travel_Rarely,Yes,2,1,2,2,3,2,0,4,1,1,1
126,164,Female,Married,Travel_Rarely,No,2,2,3,3,2,1,0,3,2,2,2
127,165,Female,Married,Travel_Rarely,No,2,3,4,4,4,3,1,4,2,3,5
128,167,Male,Single,Travel_Rarely,Yes,2,3,4,4,3,1,0,1,1,4,7
129,169,Male,Married,Travel_Rarely,No,3,3,3,3,4,1,1,1,2,5,3
130,170,Female,Married,Travel_Rarely,No,2,3,3,3,1,2,0,4,2,3,4
131,171,Female,Single,Travel_Frequently,No,3,4,4,2,3,1,0,3,2,3,2
132,174,Female,Single,Travel_Frequently,No,3,3,4,3,4,3,0,3,1,4,1
133,175,Female,Married,Travel_Rarely,Yes,3,1,3,2,3,2,1,3,1,1,1
134,176,Male,Divorced,Travel_Rarely,Yes,3,3,3,3,3,3,1,1,1,1,1
135,177,Female,Married,Travel_Rarely,No,3,3,4,3,3,1,1,1,3,1,9
136,178,Male,Divorced,Travel_Rarely,No,3,3,4,2,2,2,2,2,2,3,4
137,179,Male,Single,Travel_Frequently,No,3,1,4,1,4,3,0,4,2,1,4
138,182,Female,Married,Travel_Rarely,No,4,2,3,4,3,2,1,4,1,1,1
139,183,Male,Married,Travel_Rarely,No,3,2,4,1,3,2,0,3,1,1,1
140,184,Male,Married,Travel_Rarely,Yes,1,3,4,3,4,2,0,3,3,6,9
141,190,Female,Single,Travel_Rarely,No,4,3,1,1,1,1,0,3,2,3,3
142,192,Male,Single,Travel_Rarely,No,2,3,2,3,4,1,0,3,2,3,2
143,193,Female,Single,Travel_Rarely,Yes,3,3,2,4,3,2,0,5,2,5,2
144,194,Female,Single,Travel_Rarely,No,2,3,3,1,3,1,0,3,2,1,2
145,195,Male,Divorced,Travel_Frequently,No,4,1,4,4,4,2,3,2,1,3,1
146,197,Female,Divorced,Travel_Rarely,No,3,3,4,4,1,1,1,3,2,5,2
147,198,Male,Single,Travel_Rarely,No,3,2,4,2,4,1,0,1,2,3,3
148,199,Male,Divorced,Travel_Frequently,No,2,2,2,4,1,4,1,3,2,1,6
149,200,Male,Married,Travel_Rarely,No,3,3,4,3,1,1,1,4,2,1,3
150,201,Female,Single,Travel_Rarely,No,3,3,4,2,2,1,0,1,2,3,3
151,202,Female,Divorced,Travel_Frequently,No,3,3,1,2,2,2,1,3,2,3,2
152,204,Male,Married,Travel_Rarely,No,3,3,1,3,2,3,2,5,1,4,1
153,205,Male,Married,Travel_Rarely,Yes,1,3,4,2,3,2,1,2,1,4,7
154,206,Male,Divorced,Travel_Rarely,No,1,3,3,2,2,2,1,3,2,1,3
155,207,Female,Single,Travel_Frequently,No,3,3,4,2,4,3,0,3,1,4,1
156,208,Male,Married,Non-Travel,No,3,3,1,4,3,2,1,1,2,5,4
157,211,Male,Married,Travel_Rarely,No,3,2,3,2,3,2,0,4,2,3,4
158,214,Female,Married,Travel_Rarely,Yes,2,2,2,2,2,1,1,3,2,3,2
159,215,Male,Married,Travel_Rarely,No,2,2,1,3,4,3,1,4,1,4,1
160,216,Female,Married,Travel_Frequently,No,3,3,4,3,3,1,1,4,1,4,7
161,217,Male,Married,Travel_Rarely,No,3,3,1,3,4,1,2,1,2,3,2
162,218,Male,Divorced,Non-Travel,No,1,3,4,4,2,1,1,3,2,3,2
163,221,Male,Married,Travel_Rarely,No,1,3,3,3,4,1,1,3,2,3,2
164,223,Male,Divorced,Travel_Rarely,Yes,1,4,2,3,4,3,1,2,2,1,5
165,224,Male,Divorced,Non-Travel,Yes,2,2,4,3,3,1,1,3,2,3,2
166,226,Female,Single,Travel_Rarely,No,3,3,2,3,2,5,0,3,2,1,6
167,227,Male,Divorced,Travel_Rarely,No,3,3,1,1,3,1,1,3,2,1,2
168,228,Female,Married,Travel_Rarely,No,3,3,3,2,4,3,1,3,1,1,1
169,230,Female,Single,Travel_Rarely,No,4,2,3,1,4,2,0,4,1,1,1
170,231,Male,Single,Travel_Rarely,No,3,3,1,3,3,1,0,5,2,1,2
171,233,Male,Married,Travel_Rarely,Yes,2,3,4,3,2,1,1,3,2,5,2
172,235,Female,Single,Travel_Frequently,No,4,1,1,3,1,1,0,1,1,5,7
173,238,Male,Single,Travel_Frequently,No,2,3,3,4,2,1,0,2,2,3,3
174,239,Male,Divorced,Non-Travel,No,3,3,3,3,1,2,2,3,2,3,3
175,240,Female,Divorced,Travel_Rarely,Yes,4,3,1,3,1,2,1,2,1,1,1
176,241,Female,Divorced,Travel_Rarely,Yes,3,3,3,3,1,1,1,3,2,1,2
177,242,Male,Single,Travel_Rarely,No,4,3,1,3,4,1,0,3,2,1,2
178,243,Male,Single,Travel_Rarely,No,2,2,3,2,4,1,0,3,2,1,3
179,244,Female,Divorced,Travel_Rarely,No,3,3,3,2,1,3,3,2,1,4,1
180,245,Female,Single,Travel_Rarely,No,3,3,3,3,4,1,0,2,2,1,3
181,246,Female,Married,Travel_Rarely,Yes,3,3,3,3,4,1,1,1,2,3,2
182,247,Female,Single,Travel_Rarely,No,3,3,4,4,2,1,0,2,2,3,2
183,248,Female,Single,Travel_Rarely,Yes,2,3,4,2,2,1,0,2,1,4,7
184,249,Male,Married,Travel_Rarely,No,2,2,4,3,3,1,1,3,2,3,3
185,250,Female,Divorced,Travel_Rarely,No,3,4,3,4,1,2,2,2,2,3,4
186,252,Female,Married,Travel_Rarely,No,3,3,4,4,2,1,1,3,2,3,2
187,253,Female,Married,Travel_Rarely,No,3,3,2,4,3,5,1,1,2,3,6
188,254,Male,Single,Travel_Rarely,No,3,4,4,3,2,5,0,4,2,3,8
189,256,Male,Married,Travel_Frequently,No,2,2,3,4,3,2,0,1,2,1,4
190,258,Female,Single,Travel_Rarely,No,3,3,3,4,2,4,0,3,2,3,5
191,259,Male,Married,Travel_Rarely,No,3,2,1,3,3,5,1,4,2,1,6
192,260,Female,Single,Travel_Rarely,No,2,3,4,4,2,1,0,3,2,3,2
193,261,Male,Married,Travel_Rarely,Yes,3,2,1,2,3,2,0,2,2,1,4
194,262,Male,Divorced,Non-Travel,No,4,4,4,4,4,1,3,3,2,3,2
195,264,Male,Married,Non-Travel,No,3,2,4,1,4,4,1,2,2,3,6
196,267,Male,Married,Travel_Rarely,Yes,2,4,1,2,1,1,1,3,2,1,2
197,269,Female,Single,Travel_Frequently,No,3,3,4,2,2,2,0,3,2,3,3
198,270,Female,Divorced,Non-Travel,No,3,3,2,3,3,2,1,2,2,3,4
199,271,Male,Married,Travel_Rarely,No,3,3,2,4,3,2,0,4,2,1,4
200,273,Male,Married,Travel_Rarely,No,1,3,1,4,4,2,1,3,2,5,4
201,274,Male,Married,Travel_Frequently,No,3,2,3,3,1,2,1,1,2,5,4
202,275,Male,Divorced,Non-Travel,Yes,3,3,1,4,4,2,2,4,2,1,4
203,277,Male,Divorced,Travel_Frequently,Yes,4,3,4,4,3,1,1,4,2,3,2
204,281,Male,Married,Travel_Rarely,Yes,4,3,3,3,4,2,1,2,2,3,3
205,282,Male,Married,Travel_Rarely,Yes,3,3,2,2,1,2,0,1,2,3,5
206,283,Female,Married,Travel_Rarely,No,2,3,4,2,4,3,3,3,1,4,1
207,284,Male,Divorced,Travel_Rarely,Yes,2,4,1,4,2,1,1,3,2,1,2
208,286,Female,Single,Travel_Frequently,No,3,3,1,2,4,1,0,1,2,3,3
209,287,Male,Married,Non-Travel,No,1,2,4,4,4,2,1,5,2,1,5
210,288,Male,Divorced,Travel_Rarely,No,3,3,3,4,1,3,1,4,2,3,5
211,291,Male,Married,Travel_Rarely,No,2,1,3,4,4,3,0,4,1,3,1
212,292,Male,Single,Non-Travel,No,3,2,3,3,3,3,0,1,2,1,4
213,293,Female,Single,Travel_Frequently,No,3,3,4,4,3,2,0,3,1,1,1
214,296,Male,Married,Travel_Rarely,No,1,2,4,2,2,3,2,4,2,1,8
215,297,Female,Single,Travel_Rarely,Yes,3,3,3,4,1,1,0,3,2,5,2
216,298,Female,Single,Travel_Rarely,Yes,3,3,3,4,4,3,0,3,1,1,6
217,299,Female,Single,Travel_Frequently,No,2,2,3,3,1,2,0,4,1,4,1
218,300,Male,Single,Travel_Rarely,No,2,3,4,3,3,1,0,3,2,5,2
219,302,Female,Single,Non-Travel,No,3,2,4,4,4,3,0,3,1,3,1
220,303,Female,Married,Travel_Rarely,No,3,3,4,4,1,2,1,3,1,4,1
221,304,Male,Single,Travel_Rarely,No,4,3,4,4,2,2,0,2,2,1,3
222,305,Female,Married,Travel_Rarely,No,3,2,4,3,2,1,0,4,2,3,2
223,306,Male,Divorced,Travel_Frequently,Yes,3,3,3,2,4,3,3,3,2,2,8
224,307,Male,Divorced,Travel_Rarely,No,2,3,3,1,3,3,2,3,1,1,1
225,308,Male,Married,Non-Travel,No,3,1,4,3,3,2,1,4,2,3,4
226,309,Male,Married,Travel_Rarely,No,3,2,1,3,4,1,1,3,2,1,2
227,311,Male,Divorced,Travel_Frequently,No,3,3,3,1,4,1,1,4,1,4,7
228,312,Female,Married,Travel_Frequently,No,3,3,4,2,4,3,1,1,1,3,1
229,314,Female,Single,Travel_Frequently,No,4,3,1,3,3,3,0,3,1,4,1
230,315,Male,Single,Travel_Rarely,Yes,2,2,3,3,4,1,0,1,2,3,2
231,316,Female,Single,Travel_Rarely,No,2,2,2,3,4,1,0,3,2,1,3
232,319,Male,Married,Travel_Rarely,No,3,3,4,3,4,5,0,2,2,5,6
233,321,Male,Married,Travel_Rarely,No,2,3,4,2,3,1,0,2,3,3,9
234,323,Female,Divorced,Travel_Rarely,No,2,3,3,4,4,5,1,4,1,3,6
235,325,Male,Married,Travel_Rarely,Yes,1,3,3,3,4,1,1,3,2,3,3
236,327,Female,Married,Travel_Rarely,Yes,3,3,3,4,4,4,1,3,1,4,6
237,328,Female,Married,Travel_Rarely,No,4,3,1,1,1,1,0,2,2,1,3
238,329,Male,Single,Non-Travel,Yes,4,2,4,1,3,5,0,4,1,1,6
239,330,Female,Married,Travel_Rarely,No,3,3,1,3,2,1,1,2,1,1,7
240,331,Male,Single,Travel_Rarely,Yes,1,2,4,4,3,1,0,3,2,1,3
241,332,Female,Divorced,Travel_Rarely,No,3,3,3,3,3,1,3,4,2,3,3
242,333,Male,Married,Non-Travel,No,3,3,1,3,4,2,0,4,1,4,1
243,334,Male,Divorced,Travel_Rarely,No,2,3,1,3,1,2,2,2,2,1,2
244,335,Male,Divorced,Travel_Rarely,No,3,3,1,1,4,2,2,2,2,5,2
245,336,Male,Married,Travel_Rarely,No,3,4,3,3,4,5,1,3,2,2,6
246,337,Male,Divorced,Travel_Frequently,No,3,3,1,2,3,3,1,4,2,3,8
247,338,Female,Married,Travel_Rarely,No,2,2,3,3,4,1,1,4,2,1,2
248,339,Male,Married,Travel_Rarely,No,3,2,2,4,1,2,1,4,2,1,4
249,340,Female,Married,Travel_Rarely,No,2,2,1,3,1,1,1,2,2,3,2
250,341,Male,Married,Travel_Frequently,No,3,4,4,1,3,2,1,4,2,1,4
251,342,Male,Divorced,Travel_Frequently,No,3,3,2,1,3,3,2,3,2,3,4
252,343,Female,Single,Travel_Frequently,No,3,3,4,3,3,3,0,4,2,5,5
253,346,Male,Single,Travel_Rarely,No,3,3,1,3,4,1,0,3,2,1,2
254,347,Female,Single,Travel_Rarely,Yes,3,4,3,4,1,2,0,2,2,1,2
255,349,Male,Divorced,Travel_Rarely,No,3,3,4,4,4,2,1,2,1,4,1
256,350,Female,Married,Travel_Rarely,No,3,3,4,1,3,2,2,3,2,1,4
257,351,Female,Divorced,Travel_Rarely,Yes,3,2,3,4,1,1,1,3,2,3,3
258,352,Male,Divorced,Travel_Rarely,No,3,3,4,1,3,5,1,2,2,3,8
259,353,Male,Married,Travel_Rarely,No,2,3,2,3,4,1,0,3,2,1,2
260,355,Male,Single,Travel_Frequently,No,4,2,2,3,2,1,0,2,2,3,3
261,359,Male,Married,Travel_Frequently,No,1,4,3,2,2,1,0,3,2,1,3
262,361,Male,Married,Non-Travel,No,3,2,4,4,4,2,1,2,1,1,1
263,362,Male,Single,Travel_Rarely,No,3,2,4,4,1,2,0,1,2,5,3
264,363,Female,Married,Travel_Rarely,Yes,2,1,2,3,2,4,1,3,1,5,6
265,364,Male,Single,Travel_Rarely,No,1,3,3,1,3,1,0,4,2,1,3
266,366,Male,Married,Travel_Rarely,No,3,2,2,1,2,2,2,3,1,3,1
267,367,Male,Married,Travel_Rarely,No,3,2,2,2,4,2,1,3,2,3,5
268,369,Male,Divorced,Non-Travel,No,3,4,4,2,1,2,2,2,2,1,5
269,372,Male,Married,Travel_Rarely,Yes,3,3,2,3,4,4,0,2,2,3,5
270,373,Male,Married,Travel_Rarely,No,3,3,3,4,4,1,1,3,2,1,3
271,374,Male,Single,Travel_Rarely,Yes,3,3,3,4,1,5,0,3,2,3,6
272,376,Male,Married,Non-Travel,Yes,2,3,4,1,2,3,1,4,2,1,6
273,377,Male,Married,Travel_Rarely,No,2,3,4,4,4,1,1,3,2,3,2
274,378,Male,Married,Travel_Rarely,No,4,3,2,3,4,2,1,4,1,3,1
275,379,Male,Single,Travel_Rarely,No,4,2,1,4,3,1,0,2,2,3,2
276,380,Female,Divorced,Non-Travel,Yes,3,3,1,1,4,3,2,4,2,3,8
277,381,Female,Divorced,Travel_Rarely,No,2,4,2,2,2,3,1,3,2,1,6
278,382,Female,Divorced,Travel_Rarely,Yes,3,4,3,1,1,2,1,2,1,3,1
279,384,Female,Divorced,Travel_Frequently,No,1,3,1,3,2,2,1,3,2,1,4
280,385,Male,Divorced,Travel_Rarely,No,2,3,1,1,2,5,2,1,2,1,8
281,386,Male,Married,Travel_Rarely,Yes,2,3,4,3,3,4,3,4,2,3,8
282,387,Male,Married,Travel_Rarely,No,3,3,3,2,3,2,0,1,1,1,1
283,388,Male,Single,Travel_Frequently,No,2,3,1,2,4,2,0,2,1,1,1
284,389,Male,Married,Travel_Rarely,Yes,3,3,4,2,4,2,1,2,2,5,3
285,390,Male,Married,Travel_Frequently,Yes,3,3,3,1,1,2,1,2,2,3,5
286,391,Female,Single,Travel_Rarely,No,3,3,2,4,4,1,0,3,2,1,2
287,392,Male,Divorced,Travel_Frequently,Yes,1,3,4,4,3,1,1,3,2,1,3
288,393,Male,Divorced,Travel_Rarely,No,3,3,2,4,4,2,1,4,2,1,5
289,394,Male,Divorced,Travel_Rarely,Yes,3,3,4,1,2,1,1,4,2,3,3
290,395,Female,Single,Travel_Rarely,No,3,3,4,4,4,1,0,2,2,1,2
291,396,Female,Single,Travel_Frequently,Yes,3,3,4,3,1,5,0,4,2,1,8
292,397,Male,Single,Travel_Rarely,No,3,3,4,3,2,2,0,3,2,5,2
293,399,Female,Divorced,Travel_Frequently,No,2,3,3,4,2,1,1,3,1,4,7
294,401,Male,Single,Travel_Rarely,Yes,3,2,2,4,4,2,0,4,1,4,1
295,403,Male,Married,Travel_Frequently,Yes,2,3,3,2,4,1,3,3,2,3,2
296,404,Female,Married,Travel_Frequently,No,4,3,4,3,2,4,1,3,1,4,1
297,405,Male,Single,Travel_Rarely,No,3,3,3,3,3,1,0,3,2,1,3
298,406,Male,Married,Travel_Rarely,No,2,3,3,3,2,3,2,3,1,4,1
299,407,Male,Married,Travel_Frequently,No,3,4,4,3,4,1,2,4,2,1,3
300,408,Male,Divorced,Travel_Rarely,No,3,1,4,4,2,2,1,3,2,3,4
301,410,Male,Single,Travel_Rarely,No,3,3,2,4,2,4,0,4,1,1,6
302,411,Female,Single,Travel_Rarely,No,3,2,1,4,3,1,0,3,1,3,7
303,412,Male,Single,Travel_Rarely,No,3,4,3,2,1,2,0,2,2,3,5
304,416,Male,Married,Travel_Rarely,No,2,4,2,2,4,2,1,3,1,5,1
305,417,Male,Divorced,Travel_Rarely,No,2,4,1,3,4,3,3,3,2,3,5
306,419,Female,Married,Non-Travel,No,3,3,3,2,2,2,1,4,2,1,3
307,420,Male,Married,Travel_Rarely,No,2,2,3,4,3,2,1,3,1,1,1
308,421,Female,Married,Travel_Rarely,No,3,2,3,1,2,3,1,2,2,1,8
309,422,Male,Divorced,Non-Travel,Yes,3,1,4,4,3,2,1,4,2,1,5
310,423,Male,Married,Travel_Rarely,Yes,3,3,3,3,4,1,1,4,2,5,2
311,424,Male,Married,Travel_Rarely,No,3,2,4,1,1,2,0,3,3,6,9
312,425,Male,Divorced,Travel_Frequently,No,3,3,1,1,1,3,1,3,2,1,3
313,426,Male,Divorced,Travel_Rarely,Yes,1,3,2,3,4,1,1,4,2,1,2
314,428,Female,Married,Travel_Frequently,No,3,3,2,4,2,3,2,4,2,1,6
315,429,Male,Married,Travel_Rarely,Yes,3,3,4,3,1,4,0,1,2,3,6
316,430,Female,Single,Travel_Frequently,No,3,3,1,3,4,1,0,4,2,1,3
317,431,Female,Single,Travel_Rarely,Yes,3,2,4,3,3,4,0,2,2,5,5
318,433,Male,Married,Travel_Rarely,No,2,2,1,3,2,2,0,4,2,3,2
319,434,Female,Single,Travel_Rarely,Yes,2,3,2,3,2,1,0,3,2,1,2
320,436,Female,Married,Travel_Rarely,Yes,3,2,4,3,2,2,0,2,1,5,1
321,437,Male,Single,Travel_Rarely,Yes,3,3,1,4,3,2,0,3,1,1,1
322,438,Male,Divorced,Travel_Rarely,No,3,3,4,4,4,2,3,3,1,4,1
323,439,Female,Single,Travel_Rarely,No,2,4,3,1,4,2,0,4,2,3,2
324,440,Male,Married,Travel_Rarely,Yes,2,1,4,1,4,1,0,4,2,3,2
325,441,Female,Married,Travel_Rarely,No,3,3,4,4,4,2,2,2,2,3,2
326,442,Female,Married,Travel_Frequently,No,3,2,1,3,3,3,1,2,2,1,4
327,444,Male,Married,Travel_Frequently,No,3,2,1,3,4,5,1,2,2,3,6
328,445,Female,Married,Travel_Rarely,Yes,2,3,1,4,3,2,0,2,1,3,1
329,446,Male,Single,Travel_Frequently,No,2,2,3,2,4,2,0,3,1,4,1
330,447,Male,Married,Travel_Rarely,No,3,3,2,4,3,5,1,5,2,1,8
331,448,Female,Divorced,Travel_Frequently,No,4,2,2,3,3,2,1,4,2,1,3
332,449,Male,Married,Non-Travel,Yes,3,3,4,3,2,2,1,1,1,4,1
333,450,Female,Single,Travel_Frequently,No,2,3,4,4,3,2,0,4,2,1,2
334,451,Female,Married,Travel_Rarely,No,2,3,1,3,1,3,1,3,2,1,5
335,452,Male,Married,Travel_Rarely,No,3,3,1,4,4,2,2,4,2,2,2
336,453,Male,Married,Travel_Rarely,Yes,2,1,3,2,4,2,3,2,1,3,1
337,454,Male,Married,Travel_Rarely,Yes,2,1,4,2,1,1,0,4,2,2,3
338,455,Male,Single,Travel_Rarely,No,3,2,3,2,4,1,0,5,2,2,3
339,456,Female,Divorced,Travel_Rarely,No,3,2,3,4,3,2,3,3,1,4,1
340,458,Female,Married,Travel_Rarely,No,3,3,1,2,2,2,1,4,1,4,1
341,460,Male,Divorced,Travel_Rarely,No,2,3,3,4,4,2,2,2,2,3,4
342,461,Male,Divorced,Travel_Rarely,Yes,3,2,2,3,4,3,1,2,2,1,8
343,462,Female,Single,Travel_Rarely,Yes,2,3,3,3,4,3,0,4,2,3,4
344,463,Female,Divorced,Travel_Rarely,Yes,3,2,1,4,2,2,2,1,1,4,1
345,464,Male,Single,Travel_Rarely,No,3,3,4,3,2,3,0,4,2,5,4
346,465,Male,Divorced,Travel_Rarely,No,2,3,3,3,4,1,2,1,2,1,2
347,466,Male,Single,Travel_Rarely,Yes,3,2,4,4,2,2,0,3,2,3,4
348,467,Male,Single,Travel_Frequently,No,3,3,1,2,3,2,0,1,1,3,7
349,468,Female,Single,Travel_Rarely,No,3,3,2,1,4,4,0,5,2,1,8
350,469,Male,Married,Non-Travel,No,2,3,1,4,3,2,1,3,1,1,1
351,470,Male,Divorced,Travel_Rarely,Yes,3,3,3,3,3,1,1,1,3,5,9
352,471,Female,Married,Travel_Rarely,No,3,3,3,3,2,1,1,3,2,3,3
353,473,Female,Married,Travel_Rarely,No,1,3,2,1,3,3,1,1,1,3,6
354,474,Male,Divorced,Travel_Rarely,Yes,3,4,1,3,1,2,2,3,2,3,2
355,475,Female,Married,Non-Travel,Yes,4,3,2,4,3,2,1,2,1,5,1
356,476,Male,Married,Travel_Rarely,No,3,3,2,3,3,2,1,3,1,1,1
357,477,Male,Single,Travel_Rarely,No,3,2,2,1,4,2,0,4,2,2,5
358,478,Female,Single,Travel_Frequently,Yes,3,2,3,1,2,1,0,1,1,5,7
359,479,Female,Single,Non-Travel,No,3,3,2,4,4,2,0,5,1,3,1
360,481,Male,Married,Travel_Frequently,No,3,2,1,1,4,3,1,4,1,3,1
361,482,Male,Married,Travel_Rarely,No,3,3,3,4,3,2,0,4,2,3,5
362,483,Female,Married,Travel_Rarely,Yes,3,4,3,4,3,1,1,4,2,1,3
363,484,Male,Single,Non-Travel,No,2,3,3,1,4,1,0,2,1,3,7
364,485,Female,Single,Travel_Rarely,Yes,3,3,2,4,3,1,0,3,1,4,7
365,486,Female,Married,Travel_Rarely,No,3,3,2,3,1,1,1,3,2,3,3
366,487,Female,Married,Non-Travel,No,4,3,3,3,3,2,0,4,2,3,4
367,488,Male,Single,Travel_Frequently,No,3,3,3,1,2,2,0,3,1,4,1
368,491,Male,Single,Travel_Rarely,No,3,2,4,4,4,3,0,3,2,5,5
369,492,Male,Married,Travel_Rarely,Yes,3,2,1,3,3,2,2,2,1,4,1
370,493,Male,Single,Travel_Rarely,Yes,3,2,4,3,2,1,0,4,2,1,2
371,494,Female,Single,Travel_Rarely,No,3,4,4,3,2,1,0,3,1,1,7
372,495,Male,Single,Travel_Rarely,No,3,3,4,4,4,1,0,3,2,1,2
373,496,Male,Single,Travel_Rarely,No,3,2,3,3,2,2,0,4,2,1,5
374,497,Male,Divorced,Travel_Rarely,No,3,3,2,4,2,1,1,2,2,3,3
375,498,Male,Single,Travel_Rarely,No,3,3,4,2,4,2,0,4,1,1,1
376,499,Male,Single,Travel_Rarely,No,3,2,3,2,3,3,0,3,2,2,5
377,500,Female,Married,Travel_Rarely,No,2,3,3,3,4,2,1,2,1,1,1
378,501,Female,Married,Travel_Rarely,No,3,3,2,4,3,1,1,3,2,1,2
379,502,Male,Single,Non-Travel,Yes,2,4,2,1,4,2,0,3,1,4,1
380,505,Female,Single,Travel_Rarely,Yes,3,3,3,3,4,4,0,3,2,1,6
381,507,Female,Divorced,Travel_Rarely,Yes,4,3,4,4,3,2,1,4,1,4,1
382,508,Male,Married,Travel_Rarely,No,3,3,1,3,2,1,1,1,1,5,7
383,510,Male,Single,Travel_Frequently,No,3,3,3,3,1,1,0,1,2,5,2
384,511,Female,Married,Travel_Rarely,No,3,3,4,1,2,1,1,3,2,3,2
385,513,Male,Married,Travel_Rarely,No,3,2,2,2,3,3,2,2,1,3,1
386,514,Male,Single,Travel_Frequently,Yes,3,3,3,3,4,1,0,3,2,5,2
387,515,Female,Divorced,Travel_Rarely,No,2,3,3,4,1,1,1,3,2,1,3
388,516,Female,Divorced,Travel_Rarely,No,3,3,3,4,2,2,2,2,1,4,1
389,517,Female,Divorced,Travel_Rarely,No,3,3,2,2,1,1,1,4,2,1,3
390,518,Male,Single,Travel_Rarely,Yes,2,3,4,3,2,2,0,4,2,1,4
391,520,Male,Divorced,Travel_Rarely,No,3,2,3,1,2,4,1,3,2,1,8
392,521,Female,Married,Travel_Rarely,No,3,2,2,2,3,2,1,3,2,3,3
393,522,Male,Married,Travel_Rarely,No,2,3,3,1,1,5,1,2,2,3,8
394,523,Female,Married,Non-Travel,No,3,3,1,3,3,2,1,4,1,4,1
395,524,Female,Married,Travel_Rarely,No,1,3,2,2,1,2,1,2,2,3,4
396,525,Male,Married,Travel_Frequently,No,3,3,1,4,4,1,1,3,2,3,3
397,526,Female,Divorced,Travel_Rarely,Yes,3,3,4,3,3,2,0,4,2,2,5
398,527,Female,Single,Travel_Rarely,Yes,3,2,2,2,4,2,0,2,1,1,1
399,529,Female,Married,Non-Travel,Yes,3,3,1,2,3,2,2,5,2,3,2
400,530,Male,Married,Travel_Rarely,No,3,2,3,4,1,1,1,2,2,1,3
401,531,Male,Divorced,Travel_Frequently,Yes,3,3,3,2,3,5,1,1,2,1,6
402,532,Female,Married,Travel_Frequently,No,2,4,4,3,1,4,3,3,1,1,1
403,533,Female,Single,Travel_Rarely,No,3,3,2,2,3,2,0,3,1,5,1
404,534,Male,Married,Travel_Rarely,No,3,4,3,2,1,3,1,3,1,4,1
405,536,Male,Divorced,Travel_Rarely,No,3,3,4,3,1,2,1,2,2,3,3
406,538,Male,Married,Travel_Rarely,No,3,3,3,1,1,1,1,3,2,3,3
407,543,Male,Married,Travel_Rarely,Yes,3,2,3,4,3,3,0,3,2,3,4
408,544,Male,Married,Travel_Rarely,No,2,3,4,1,4,1,2,2,2,1,2
409,546,Female,Married,Travel_Rarely,No,1,3,4,4,4,4,0,2,2,1,6
410,547,Female,Divorced,Travel_Frequently,No,3,3,2,1,3,2,1,2,2,1,2
411,548,Female,Single,Travel_Rarely,No,3,1,3,3,4,2,0,3,2,1,4
412,549,Female,Married,Travel_Rarely,No,1,3,4,1,1,5,0,3,2,1,6
413,550,Female,Divorced,Travel_Rarely,No,2,3,3,3,3,2,1,3,2,3,4
414,551,Female,Married,Travel_Frequently,No,4,2,4,4,4,2,3,4,2,5,5
415,554,Female,Single,Travel_Rarely,Yes,3,3,2,1,2,1,0,1,1,5,7
416,555,Female,Divorced,Travel_Frequently,No,2,1,4,4,3,1,1,2,1,4,7
417,556,Male,Married,Travel_Frequently,Yes,3,3,3,4,4,1,1,2,2,1,3
418,558,Female,Married,Travel_Rarely,No,3,3,4,3,3,5,0,4,1,1,6
419,560,Female,Divorced,Travel_Rarely,No,1,3,2,1,4,1,2,3,2,1,2
420,562,Male,Married,Non-Travel,No,1,3,3,3,4,1,1,3,2,1,3
421,564,Male,Married,Travel_Rarely,No,3,2,3,2,3,3,0,4,2,3,8
422,565,Female,Married,Travel_Rarely,No,4,2,2,3,2,1,0,5,2,5,2
423,566,Male,Single,Travel_Rarely,No,4,2,3,1,4,1,0,2,3,5,9
424,567,Female,Married,Non-Travel,No,3,3,3,3,1,3,0,4,1,2,1
425,568,Male,Divorced,Travel_Rarely,No,2,2,3,1,4,4,1,3,1,4,6
426,569,Male,Married,Travel_Rarely,No,3,2,2,2,3,4,1,4,2,1,6
427,571,Female,Single,Non-Travel,No,2,3,3,3,4,1,0,3,2,3,3
428,573,Female,Married,Travel_Frequently,No,4,2,4,3,1,3,0,3,1,4,1
429,574,Female,Divorced,Travel_Rarely,No,3,3,3,1,4,2,3,2,2,3,4
430,575,Male,Married,Travel_Rarely,No,1,3,3,1,3,4,0,3,2,1,8
431,577,Male,Single,Travel_Rarely,No,3,1,3,4,3,1,0,3,2,1,3
432,578,Female,Single,Travel_Rarely,No,3,3,3,3,3,2,0,4,2,1,3
433,579,Male,Divorced,Travel_Rarely,No,3,2,3,4,3,1,1,4,2,1,2
434,580,Female,Married,Travel_Rarely,Yes,3,2,3,3,4,3,1,3,1,4,1
435,581,Male,Divorced,Travel_Rarely,No,4,3,4,3,2,3,1,1,2,1,4
436,582,Male,Married,Travel_Rarely,Yes,4,3,4,2,3,3,0,1,2,3,6
437,584,Male,Divorced,Travel_Rarely,No,3,1,1,1,4,1,3,1,2,3,3
438,585,Male,Single,Travel_Rarely,No,3,3,1,4,2,1,0,1,1,4,7
439,586,Male,Married,Travel_Rarely,Yes,3,3,3,4,3,3,0,3,2,1,5
440,587,Male,Married,Travel_Frequently,No,3,3,1,1,3,3,0,3,2,1,5
441,590,Female,Divorced,Travel_Frequently,Yes,3,3,3,2,1,3,3,3,3,6,9
442,591,Male,Married,Travel_Frequently,No,3,3,4,2,3,1,1,2,2,2,3
443,592,Male,Single,Non-Travel,No,2,3,4,2,4,3,0,4,1,3,1
444,593,Male,Single,Travel_Frequently,No,3,2,3,3,3,1,0,1,2,5,3
445,595,Female,Married,Travel_Rarely,No,3,3,1,2,4,2,1,5,1,4,1
446,597,Female,Single,Travel_Rarely,No,3,3,4,1,2,4,0,5,1,1,6
447,599,Male,Single,Non-Travel,No,3,3,4,4,4,2,0,2,1,1,1
448,600,Male,Married,Travel_Rarely,No,3,3,3,2,3,2,0,3,1,4,1
449,601,Female,Single,Travel_Rarely,No,3,3,3,2,3,4,0,3,2,1,4
450,602,Female,Married,Travel_Frequently,No,3,3,1,3,3,1,1,1,2,1,3
451,604,Male,Single,Travel_Rarely,Yes,4,3,3,2,4,2,0,1,1,1,1
452,605,Male,Married,Travel_Rarely,Yes,2,3,4,4,1,3,1,3,2,3,4
453,606,Male,Married,Travel_Rarely,No,4,3,2,4,2,2,1,3,1,2,1
454,608,Female,Divorced,Travel_Frequently,Yes,2,3,2,2,3,1,1,4,3,1,9
455,611,Male,Divorced,Travel_Rarely,No,4,3,2,4,4,2,2,3,2,5,4
456,612,Female,Divorced,Travel_Rarely,No,3,4,3,1,3,4,1,5,2,3,8
457,613,Male,Divorced,Travel_Rarely,No,2,2,3,3,4,3,1,3,1,1,6
458,614,Male,Single,Travel_Frequently,Yes,3,3,4,2,2,1,0,3,1,4,7
459,615,Male,Divorced,Non-Travel,No,3,1,3,3,1,3,1,3,1,2,1
460,616,Female,Single,Non-Travel,Yes,3,2,1,1,3,2,0,4,2,2,5
461,618,Male,Divorced,Travel_Rarely,No,3,3,1,1,3,2,2,2,1,3,1
462,620,Female,Single,Travel_Rarely,No,3,3,4,1,3,2,0,3,1,3,1
463,621,Male,Single,Travel_Rarely,No,3,4,4,4,4,2,0,4,1,1,1
464,622,Male,Single,Travel_Rarely,Yes,1,1,2,3,4,1,0,3,2,5,3
465,623,Female,Single,Travel_Rarely,No,4,3,4,2,4,3,0,3,2,5,4
466,624,Female,Married,Travel_Frequently,No,2,3,4,1,3,3,0,1,2,3,5
467,625,Female,Married,Travel_Rarely,No,3,3,2,2,1,4,1,5,1,1,6
468,626,Male,Divorced,Non-Travel,No,3,3,4,1,2,3,1,4,1,3,1
469,630,Male,Divorced,Travel_Rarely,Yes,3,3,2,4,1,2,2,2,2,5,2
470,631,Male,Married,Non-Travel,No,3,4,4,4,3,2,0,4,1,2,1
471,632,Male,Married,Travel_Frequently,No,3,3,3,4,4,1,2,3,1,3,7
472,634,Female,Married,Travel_Rarely,No,3,3,3,3,3,2,1,3,2,3,5
473,635,Female,Married,Travel_Rarely,No,2,3,2,2,2,2,1,4,2,1,4
474,638,Male,Divorced,Travel_Rarely,Yes,3,2,3,4,3,5,1,4,2,1,8
475,639,Male,Married,Travel_Rarely,Yes,3,4,2,2,4,1,2,3,2,3,2
476,641,Male,Married,Travel_Rarely,No,4,3,4,1,2,2,2,2,1,4,1
477,643,Male,Married,Travel_Rarely,No,3,2,4,4,2,1,1,2,2,2,3
478,644,Male,Married,Travel_Frequently,No,3,3,3,1,2,5,1,3,3,3,6
479,645,Male,Married,Travel_Rarely,No,3,3,3,2,3,1,0,1,1,3,7
480,647,Female,Married,Travel_Frequently,Yes,3,3,4,1,3,1,1,3,2,1,3
481,648,Male,Married,Travel_Frequently,No,4,2,3,2,1,1,1,4,1,1,7
482,649,Male,Married,Travel_Rarely,Yes,3,2,4,2,4,1,1,2,2,1,2
483,650,Male,Divorced,Travel_Rarely,No,1,3,3,2,1,2,0,4,1,3,1
484,652,Male,Single,Travel_Rarely,No,3,2,4,1,4,2,0,2,2,2,3
485,653,Male,Divorced,Travel_Rarely,No,4,4,4,1,4,2,2,4,1,3,1
486,655,Female,Divorced,Travel_Rarely,No,2,2,3,1,3,1,2,4,2,3,2
487,656,Male,Married,Travel_Rarely,Yes,2,3,3,4,3,2,1,3,1,4,1
488,657,Female,Single,Travel_Rarely,No,4,2,4,4,2,1,0,3,2,1,2
489,659,Female,Married,Travel_Rarely,No,3,3,2,3,4,2,2,4,2,1,5
490,661,Male,Divorced,Travel_Rarely,Yes,2,2,3,2,4,4,1,4,2,2,8
491,662,Female,Single,Travel_Rarely,No,2,3,4,3,1,1,0,1,2,1,2
492,663,Male,Divorced,Travel_Frequently,Yes,3,3,2,4,3,2,1,5,2,3,3
493,664,Female,Married,Travel_Rarely,No,1,2,1,4,1,4,1,4,2,1,6
494,665,Female,Single,Travel_Rarely,No,4,2,2,1,3,2,0,4,3,1,9
495,666,Female,Divorced,Travel_Rarely,Yes,3,3,4,3,3,1,2,3,1,5,7
496,667,Male,Divorced,Travel_Rarely,No,3,3,2,3,1,1,1,1,1,4,7
497,669,Male,Single,Travel_Rarely,No,3,3,3,3,3,1,0,1,1,5,7
498,671,Male,Married,Travel_Rarely,Yes,4,3,1,4,4,5,1,4,2,2,6
499,675,Male,Married,Travel_Rarely,No,3,3,4,1,3,1,0,1,2,3,2
500,677,Male,Divorced,Travel_Rarely,No,3,3,4,3,3,2,0,4,1,4,1
501,679,Female,Married,Travel_Rarely,Yes,2,3,4,1,4,2,1,4,2,1,2
502,680,Female,Divorced,Travel_Frequently,No,3,3,3,3,3,1,1,3,2,3,2
503,682,Female,Single,Travel_Rarely,No,4,3,4,4,1,2,0,1,1,3,1
504,683,Male,Married,Travel_Rarely,No,2,3,4,2,4,1,1,5,2,1,2
505,684,Female,Married,Travel_Frequently,No,3,3,4,1,1,2,2,4,1,1,1
506,686,Female,Married,Travel_Rarely,Yes,3,3,3,3,4,1,1,3,2,1,3
507,689,Male,Married,Travel_Rarely,No,3,3,3,3,3,3,1,3,2,2,4
508,690,Female,Married,Travel_Rarely,No,2,3,1,2,3,2,1,2,1,3,1
509,691,Male,Single,Travel_Rarely,No,3,1,2,2,4,2,0,4,2,1,2
510,692,Male,Divorced,Travel_Frequently,No,1,3,3,3,4,2,1,3,2,1,5
511,698,Male,Married,Travel_Rarely,No,4,3,3,3,2,3,1,4,3,3,9
512,699,Male,Divorced,Travel_Rarely,Yes,3,2,3,2,2,2,1,2,2,3,4
513,700,Male,Single,Travel_Rarely,No,3,2,4,1,4,1,0,4,2,3,2
514,701,Male,Single,Travel_Rarely,Yes,3,3,4,4,3,1,0,1,2,3,2
515,702,Male,Single,Travel_Frequently,Yes,3,3,1,1,1,1,0,3,2,1,2
516,704,Male,Married,Non-Travel,No,3,2,3,3,3,1,2,3,2,1,3
517,705,Male,Married,Travel_Rarely,No,4,4,1,1,1,1,1,3,2,3,2
518,707,Male,Married,Travel_Rarely,No,3,4,3,4,2,2,1,3,1,1,1
519,709,Female,Single,Travel_Rarely,No,3,2,1,4,4,2,0,4,1,4,1
520,710,Male,Divorced,Travel_Frequently,No,3,1,4,2,4,1,1,4,2,1,2
521,712,Male,Married,Travel_Rarely,No,3,4,4,2,2,2,0,1,1,4,1
522,714,Female,Divorced,Travel_Frequently,Yes,3,4,2,4,4,2,2,1,1,3,1
523,715,Male,Single,Travel_Rarely,No,3,4,1,4,4,1,0,2,2,1,2
524,716,Male,Married,Travel_Rarely,Yes,3,4,3,4,3,1,3,1,2,3,3
525,717,Female,Single,Travel_Rarely,No,4,2,2,4,2,3,0,3,2,3,5
526,720,Female,Single,Travel_Rarely,No,3,3,1,1,3,2,0,2,1,1,1
527,721,Female,Single,Travel_Rarely,No,3,2,1,4,3,2,0,4,2,5,5
528,722,Male,Single,Travel_Rarely,No,2,3,4,4,4,2,0,3,1,4,1
529,723,Male,Married,Travel_Frequently,Yes,3,3,1,2,3,2,1,2,1,5,1
530,724,Female,Single,Travel_Rarely,No,2,4,3,2,4,2,0,4,2,1,5
531,725,Female,Married,Travel_Rarely,No,3,3,4,3,1,3,0,2,2,1,4
532,727,Female,Single,Travel_Rarely,No,3,3,4,3,4,3,0,2,2,1,8
533,728,Male,Single,Travel_Rarely,No,3,3,4,4,1,2,0,4,1,4,1
534,729,Male,Married,Travel_Frequently,Yes,3,2,3,4,1,3,1,4,1,1,1
535,730,Male,Married,Travel_Rarely,No,3,4,3,3,3,4,0,3,2,1,8
536,731,Male,Divorced,Travel_Rarely,No,2,2,2,2,4,5,3,4,3,6,6
537,732,Male,Single,Travel_Rarely,No,3,3,4,1,1,2,0,4,1,4,1
538,733,Male,Divorced,Travel_Frequently,No,2,3,3,4,1,3,2,2,2,1,4
539,734,Male,Married,Travel_Rarely,No,3,2,2,4,3,5,1,3,3,6,6
540,738,Male,Married,Travel_Rarely,No,3,3,4,4,2,1,1,4,1,4,7
541,741,Female,Single,Travel_Rarely,Yes,3,1,4,1,2,1,0,2,2,1,2
542,742,Female,Married,Non-Travel,No,3,4,1,1,1,3,1,3,2,1,8
543,743,Female,Single,Travel_Rarely,Yes,4,3,4,3,3,3,0,3,2,1,4
544,744,Male,Single,Non-Travel,No,3,1,3,1,3,1,0,3,2,3,3
545,746,Female,Divorced,Travel_Frequently,Yes,2,3,4,4,3,4,2,3,1,3,1
546,747,Male,Divorced,Travel_Rarely,No,2,3,4,3,4,2,1,5,1,4,1
547,749,Male,Single,Travel_Rarely,No,3,3,3,3,3,1,0,3,1,1,7
548,752,Male,Divorced,Travel_Frequently,Yes,3,4,4,3,3,1,0,3,2,3,2
549,754,Male,Married,Travel_Frequently,No,3,2,3,4,4,2,1,3,1,1,1
550,757,Female,Single,Travel_Rarely,No,3,3,4,2,3,2,0,2,2,3,5
551,758,Male,Married,Travel_Rarely,No,4,3,4,2,1,1,1,1,2,3,3
552,760,Female,Married,Travel_Rarely,No,1,4,3,3,2,2,1,3,3,6,9
553,762,Male,Married,Travel_Rarely,No,2,3,3,3,4,4,0,3,2,3,5
554,763,Female,Single,Travel_Rarely,Yes,2,2,4,4,4,1,0,1,2,3,2
555,764,Female,Single,Travel_Rarely,No,1,2,1,4,1,2,0,3,2,3,5
556,766,Male,Divorced,Travel_Rarely,No,3,3,4,4,2,1,2,3,1,4,7
557,769,Male,Single,Travel_Rarely,No,3,3,4,4,4,2,0,3,2,1,3
558,771,Female,Divorced,Non-Travel,No,4,3,1,4,1,2,1,4,2,1,5
559,772,Male,Married,Travel_Frequently,No,3,3,4,1,4,2,2,4,2,1,3
560,773,Male,Married,Travel_Rarely,Yes,1,3,2,4,3,1,1,5,2,3,2
561,775,Female,Divorced,Travel_Rarely,No,3,3,3,2,1,2,1,5,2,1,4
562,776,Male,Married,Travel_Rarely,No,4,2,1,3,1,4,0,4,1,4,6
563,780,Male,Single,Travel_Rarely,Yes,2,3,3,4,4,1,0,4,2,2,2
564,781,Female,Single,Travel_Rarely,No,2,3,2,3,4,2,0,1,1,3,1
565,783,Male,Single,Travel_Rarely,No,3,1,1,2,3,2,0,2,1,5,7
566,784,Male,Single,Travel_Rarely,No,3,4,4,1,3,1,0,1,2,3,2
567,785,Female,Single,Travel_Frequently,Yes,3,4,4,2,3,2,0,2,1,1,1
568,786,Male,Single,Travel_Rarely,No,3,3,3,4,4,2,0,3,1,2,1
569,787,Male,Married,Travel_Rarely,Yes,3,3,4,4,1,5,1,3,2,3,6
570,789,Male,Single,Non-Travel,No,3,2,2,1,1,3,0,4,1,1,1
571,791,Male,Married,Non-Travel,No,3,3,1,4,4,1,1,4,2,3,2
572,792,Female,Divorced,Travel_Frequently,No,3,1,1,1,4,1,1,2,2,1,3
573,793,Female,Married,Travel_Rarely,No,2,3,1,2,3,2,1,3,2,3,5
574,796,Male,Single,Travel_Rarely,No,2,2,3,4,1,2,0,3,1,5,1
575,797,Female,Single,Travel_Rarely,No,3,4,3,2,4,1,0,4,2,1,2
576,799,Female,Divorced,Travel_Rarely,Yes,3,3,2,4,1,2,2,4,2,3,4
577,800,Male,Married,Travel_Frequently,No,3,3,2,3,4,2,1,1,1,4,1
578,802,Female,Divorced,Travel_Rarely,Yes,2,3,2,4,1,1,2,1,2,1,2
579,803,Female,Single,Travel_Frequently,Yes,3,4,4,1,1,2,0,4,2,1,4
580,804,Female,Single,Travel_Rarely,No,3,2,3,3,1,1,0,4,2,3,2
581,805,Female,Married,Travel_Rarely,No,2,3,2,1,4,1,1,4,1,1,7
582,806,Male,Married,Travel_Rarely,No,3,1,3,4,3,1,2,3,2,1,3
583,807,Female,Married,Travel_Frequently,No,3,4,4,3,2,2,1,2,2,3,5
584,808,Female,Married,Travel_Rarely,No,3,3,2,3,1,2,1,2,1,1,1
585,809,Male,Divorced,Travel_Frequently,No,2,3,2,2,4,5,1,3,2,1,6
586,811,Male,Married,Travel_Rarely,Yes,3,4,3,3,1,1,2,3,2,1,3
587,812,Male,Divorced,Non-Travel,No,3,2,3,3,2,1,3,3,2,1,3
588,813,Female,Married,Travel_Rarely,No,3,3,2,4,3,2,1,4,2,1,3
589,815,Male,Married,Travel_Rarely,No,3,3,4,3,3,4,0,3,2,3,8
590,816,Female,Married,Travel_Rarely,Yes,3,2,4,2,1,1,1,2,2,1,3
591,817,Male,Married,Travel_Rarely,No,4,3,4,3,3,3,0,3,2,3,8
592,819,Female,Single,Travel_Rarely,No,3,3,3,1,1,2,0,3,1,4,1
593,820,Female,Married,Travel_Rarely,Yes,2,3,3,3,4,4,1,2,2,2,6
594,823,Female,Married,Travel_Rarely,No,3,3,1,3,2,2,1,3,2,2,4
595,824,Male,Married,Travel_Rarely,No,3,4,3,3,3,1,1,2,2,1,2
596,825,Male,Single,Travel_Rarely,Yes,3,3,4,4,2,5,0,4,2,1,8
597,826,Female,Single,Travel_Rarely,No,3,4,3,4,3,1,0,4,2,1,2
598,827,Female,Married,Travel_Rarely,Yes,3,2,4,4,4,2,1,2,2,1,4
599,828,Male,Single,Travel_Rarely,No,2,3,4,3,3,1,0,4,2,3,2
600,829,Male,Married,Travel_Rarely,No,3,3,2,3,2,1,1,3,3,6,9
601,830,Female,Married,Travel_Rarely,No,3,2,3,3,3,2,1,3,2,1,4
602,832,Male,Single,Travel_Frequently,No,3,2,4,1,3,2,0,4,2,3,3
603,833,Female,Single,Travel_Rarely,Yes,2,2,2,3,4,2,0,3,2,3,4
604,834,Female,Single,Travel_Rarely,No,3,2,4,2,3,1,0,3,2,1,2
605,836,Male,Married,Travel_Rarely,No,2,3,4,2,2,2,1,3,2,1,4
606,837,Male,Divorced,Travel_Frequently,No,2,2,3,1,1,2,1,3,2,1,5
607,838,Female,Single,Travel_Frequently,No,3,2,3,3,4,1,0,4,2,1,2
608,840,Female,Married,Travel_Rarely,No,4,3,1,3,4,3,2,3,1,4,1
609,842,Male,Single,Travel_Rarely,No,2,3,3,3,4,2,0,1,1,3,1
610,843,Male,Married,Travel_Rarely,No,3,3,3,2,1,4,1,2,2,1,8
611,844,Male,Divorced,Travel_Rarely,Yes,3,2,2,3,4,3,1,1,2,5,8
612,845,Male,Single,Travel_Rarely,No,4,3,2,3,3,3,0,3,2,2,4
613,846,Female,Married,Travel_Rarely,Yes,3,3,1,2,2,2,0,4,1,4,1
614,847,Male,Married,Travel_Rarely,No,1,3,3,3,4,1,1,2,3,6,9
615,848,Female,Married,Travel_Frequently,Yes,3,2,1,3,3,1,1,2,2,3,2
616,850,Male,Married,Non-Travel,No,2,3,3,4,4,1,3,3,2,3,2
617,851,Female,Married,Travel_Rarely,No,2,3,3,1,3,4,1,4,1,4,6
618,852,Male,Single,Travel_Rarely,No,2,3,4,4,2,2,0,3,2,3,5
619,854,Male,Single,Travel_Rarely,No,2,4,3,1,1,1,0,1,2,3,2
620,855,Male,Divorced,Travel_Rarely,No,3,4,1,1,1,2,1,3,1,3,1
621,856,Female,Single,Travel_Rarely,No,2,2,4,3,1,1,0,1,2,3,2
622,857,Male,Married,Travel_Rarely,Yes,2,3,4,2,4,2,1,2,1,1,1
623,859,Male,Divorced,Travel_Rarely,No,2,3,3,2,4,2,1,4,1,1,1
624,861,Male,Divorced,Travel_Frequently,No,2,2,2,2,4,1,1,4,2,1,2
625,862,Female,Married,Travel_Rarely,Yes,3,2,4,1,4,3,1,2,1,4,1
626,864,Male,Divorced,Travel_Rarely,Yes,3,3,3,4,1,3,1,3,1,4,1
627,865,Female,Married,Travel_Rarely,No,2,4,3,3,3,2,1,2,2,3,2
628,867,Female,Married,Travel_Frequently,No,3,2,3,3,4,4,0,4,2,3,4
629,868,Male,Divorced,Travel_Rarely,No,3,2,4,4,3,2,2,4,1,4,1
630,869,Male,Divorced,Travel_Rarely,No,3,2,4,2,4,1,1,2,3,3,9
631,872,Male,Married,Travel_Rarely,No,1,2,1,4,4,2,2,2,2,1,4
632,874,Male,Married,Travel_Rarely,Yes,2,4,3,1,4,1,1,4,2,1,3
633,875,Male,Single,Travel_Frequently,Yes,3,3,4,2,4,1,0,1,2,3,2
634,878,Male,Married,Travel_Rarely,No,3,2,3,1,1,1,0,3,3,1,9
635,879,Male,Married,Travel_Rarely,Yes,3,3,4,3,1,2,0,1,1,2,1
636,880,Female,Married,Travel_Rarely,Yes,3,2,2,4,3,3,1,3,2,1,4
637,881,Female,Divorced,Travel_Frequently,Yes,2,3,1,4,2,1,1,4,2,1,2
638,882,Male,Divorced,Non-Travel,No,3,3,2,4,4,1,1,3,2,1,3
639,885,Male,Married,Travel_Rarely,No,4,2,1,3,1,2,0,1,1,4,1
640,887,Female,Married,Travel_Rarely,No,3,3,2,3,1,1,1,3,2,5,2
641,888,Male,Married,Non-Travel,No,2,2,4,1,4,1,0,1,2,1,3
642,889,Male,Married,Travel_Frequently,No,3,3,4,2,2,2,1,2,1,1,1
643,893,Male,Married,Travel_Rarely,No,3,2,4,2,2,1,1,3,1,4,7
644,894,Female,Married,Travel_Rarely,Yes,2,4,2,3,4,2,1,3,2,1,3
645,895,Male,Married,Travel_Rarely,Yes,3,3,2,4,4,1,1,4,2,1,2
646,896,Female,Divorced,Travel_Rarely,Yes,3,2,3,2,3,1,3,3,1,3,7
647,897,Male,Married,Travel_Rarely,No,3,3,3,1,4,4,1,3,1,4,1
648,899,Male,Married,Travel_Rarely,No,3,2,1,4,2,3,0,3,2,5,4
649,900,Female,Married,Travel_Frequently,No,3,3,2,3,4,1,1,2,1,3,7
650,901,Female,Single,Travel_Rarely,No,3,3,3,4,4,4,0,4,2,1,8
651,902,Female,Married,Travel_Frequently,No,2,3,2,4,4,2,1,3,2,1,5
652,903,Female,Married,Travel_Rarely,Yes,3,3,1,3,4,2,1,2,1,4,1
653,904,Male,Single,Non-Travel,Yes,3,3,4,1,2,3,0,2,1,3,1
654,905,Male,Divorced,Non-Travel,No,3,3,4,1,1,4,1,4,2,1,6
655,909,Female,Married,Travel_Rarely,No,3,2,3,4,4,2,2,3,3,1,9
656,910,Male,Divorced,Travel_Rarely,Yes,4,3,3,4,2,1,1,2,3,6,9
657,911,Male,Single,Travel_Rarely,Yes,1,3,3,1,4,1,0,4,2,1,3
658,912,Female,Divorced,Travel_Rarely,No,3,2,3,1,4,1,3,1,2,3,3
659,913,Male,Married,Travel_Rarely,Yes,3,3,4,2,1,1,0,2,2,1,2
660,916,Male,Single,Travel_Rarely,No,3,3,2,1,4,2,0,4,1,3,1
661,918,Male,Divorced,Travel_Frequently,Yes,2,2,4,4,4,1,1,1,2,1,3
662,920,Female,Divorced,Travel_Rarely,No,4,3,3,1,2,2,1,3,2,1,4
663,922,Female,Single,Travel_Rarely,No,2,2,4,3,3,1,0,3,1,3,7
664,923,Female,Single,Travel_Rarely,No,2,3,1,4,4,1,0,1,2,2,2
665,924,Male,Married,Travel_Rarely,Yes,2,3,1,3,4,2,1,1,2,1,5
666,925,Female,Single,Travel_Rarely,Yes,2,2,1,4,4,1,0,4,1,1,7
667,926,Female,Married,Travel_Rarely,Yes,4,3,1,2,3,2,1,1,2,1,4
668,927,Female,Divorced,Travel_Rarely,Yes,2,1,3,2,4,1,1,4,2,1,3
669,930,Female,Divorced,Travel_Rarely,No,3,3,2,3,3,1,1,3,2,3,2
670,932,Male,Married,Travel_Rarely,Yes,1,3,4,4,1,1,0,3,2,3,3
671,933,Female,Single,Travel_Rarely,No,3,3,3,2,3,1,0,3,2,1,2
672,934,Male,Divorced,Travel_Rarely,No,3,3,2,2,2,1,2,3,2,1,3
673,936,Female,Single,Travel_Rarely,No,3,2,1,3,3,2,0,2,1,3,1
674,939,Male,Single,Travel_Rarely,Yes,3,2,2,3,1,1,0,4,2,2,2
675,940,Female,Divorced,Travel_Rarely,Yes,3,2,4,3,2,3,1,3,2,5,5
676,941,Male,Married,Travel_Rarely,No,4,2,2,2,3,1,0,4,1,1,7
677,942,Female,Married,Travel_Rarely,Yes,1,3,4,4,4,2,1,1,2,1,5
678,944,Female,Married,Travel_Rarely,No,2,3,3,1,2,3,1,2,2,2,3
679,945,Male,Married,Travel_Rarely,No,2,3,1,4,3,1,2,4,2,3,2
680,947,Female,Married,Non-Travel,No,2,3,4,4,3,2,1,2,1,4,1
681,949,Male,Single,Travel_Rarely,No,3,3,3,2,4,1,0,4,2,2,2
682,950,Female,Married,Travel_Rarely,No,3,3,2,4,1,3,1,3,2,5,8
683,951,Female,Married,Non-Travel,No,3,2,3,3,2,1,0,3,2,1,3
684,952,Male,Married,Travel_Rarely,Yes,3,2,3,3,2,1,3,2,1,4,7
685,954,Male,Divorced,Travel_Rarely,No,2,2,2,1,2,3,1,4,1,4,1
686,956,Male,Single,Travel_Frequently,No,3,2,2,3,1,2,0,3,1,3,1
687,957,Male,Single,Travel_Rarely,Yes,3,3,3,4,1,1,0,3,2,3,3
688,958,Male,Single,Travel_Rarely,No,3,3,3,3,3,1,0,4,2,3,3
689,959,Male,Single,Travel_Rarely,Yes,4,2,2,4,2,1,0,3,1,2,7
690,960,Male,Single,Travel_Rarely,No,3,3,2,1,1,1,0,3,2,5,3
691,961,Female,Married,Travel_Rarely,Yes,1,3,3,4,4,2,2,3,2,3,5
692,964,Male,Divorced,Travel_Frequently,Yes,3,3,4,4,2,1,1,4,2,3,2
693,966,Female,Married,Travel_Rarely,No,4,3,3,3,1,2,1,4,2,3,4
694,967,Male,Married,Travel_Rarely,Yes,3,2,1,3,4,3,1,1,1,1,1
695,969,Female,Single,Travel_Rarely,No,3,2,1,2,4,2,0,3,2,1,5
696,970,Male,Married,Travel_Rarely,No,1,2,3,1,3,3,0,4,1,1,1
697,972,Male,Married,Non-Travel,No,2,3,2,3,2,2,0,2,2,1,3
698,974,Female,Married,Travel_Frequently,No,3,3,2,3,4,1,1,3,1,5,7
699,975,Female,Married,Travel_Rarely,No,3,3,2,3,3,2,0,3,1,3,1
700,976,Male,Married,Travel_Rarely,No,2,3,2,4,4,4,1,2,2,1,6
701,977,Male,Single,Travel_Rarely,No,3,3,1,4,3,1,0,3,2,5,2
702,981,Male,Divorced,Travel_Rarely,No,4,3,3,3,3,4,1,2,1,3,6
703,982,Male,Divorced,Travel_Rarely,No,4,3,1,3,3,3,1,2,1,2,1
704,983,Female,Single,Non-Travel,Yes,3,3,2,3,4,2,0,3,1,5,1
705,984,Male,Divorced,Travel_Rarely,No,3,3,2,4,4,3,1,4,1,1,1
706,985,Male,Single,Travel_Rarely,No,3,4,4,1,3,3,0,5,1,1,1
707,986,Female,Single,Non-Travel,Yes,2,4,4,2,2,4,0,3,1,1,1
708,987,Male,Divorced,Travel_Frequently,Yes,4,4,3,3,3,2,0,4,2,3,4
709,990,Male,Divorced,Non-Travel,No,3,3,4,1,4,2,2,4,1,5,1
710,991,Male,Single,Non-Travel,Yes,3,2,1,3,1,1,0,2,2,3,2
711,992,Male,Single,Non-Travel,No,3,3,4,4,3,4,0,3,1,1,6
712,994,Female,Single,Travel_Rarely,Yes,3,2,3,4,1,1,0,3,2,1,2
713,995,Female,Single,Travel_Rarely,No,3,3,1,2,4,1,0,1,2,1,2
714,996,Female,Divorced,Travel_Rarely,No,3,3,4,4,4,1,2,4,2,3,3
715,997,Male,Divorced,Travel_Rarely,No,2,3,3,4,4,4,1,2,2,3,8
716,998,Female,Married,Travel_Frequently,Yes,3,4,1,3,2,2,1,4,2,2,5
717,999,Male,Divorced,Travel_Frequently,No,4,3,2,1,3,5,1,3,2,3,8
718,1001,Female,Married,Travel_Rarely,No,3,3,2,3,2,1,1,4,2,5,3
719,1002,Male,Married,Non-Travel,Yes,3,3,3,4,1,2,1,2,2,1,3
720,1003,Female,Single,Travel_Rarely,Yes,3,3,3,4,4,2,0,2,1,1,1
721,1004,Female,Married,Travel_Rarely,Yes,3,3,2,1,3,1,0,3,2,1,2
722,1005,Male,Married,Travel_Rarely,Yes,3,3,4,4,3,4,1,3,2,1,4
723,1006,Male,Married,Travel_Frequently,No,2,3,2,3,3,1,1,1,2,3,2
724,1007,Male,Divorced,Travel_Rarely,No,3,3,2,4,3,3,1,2,2,3,4
725,1009,Female,Divorced,Travel_Rarely,No,3,2,2,4,3,2,2,1,2,3,4
726,1010,Male,Divorced,Travel_Rarely,Yes,1,2,4,3,2,1,1,4,2,2,3
727,1011,Female,Married,Travel_Frequently,No,3,3,3,3,1,2,1,1,2,1,4
728,1012,Male,Single,Non-Travel,No,3,3,4,2,4,1,0,2,2,1,2
729,1013,Female,Married,Travel_Rarely,No,3,3,3,3,3,3,1,3,2,5,4
730,1014,Female,Divorced,Travel_Rarely,Yes,2,3,3,3,3,3,1,4,2,3,5
731,1015,Female,Married,Travel_Rarely,Yes,2,4,3,2,1,3,3,2,2,1,8
732,1016,Female,Single,Travel_Rarely,Yes,3,2,1,4,1,1,0,3,2,3,2
733,1017,Female,Single,Travel_Frequently,No,3,3,1,2,2,1,0,3,2,3,3
734,1018,Male,Married,Travel_Rarely,No,3,4,2,4,4,2,0,2,2,3,4
735,1019,Male,Married,Travel_Rarely,No,2,1,1,2,1,1,1,1,2,1,3
736,1022,Male,Single,Travel_Rarely,No,3,2,4,1,3,2,0,3,2,1,5
737,1024,Male,Single,Travel_Rarely,No,3,2,2,3,3,3,0,4,2,1,5
738,1025,Female,Single,Travel_Rarely,No,3,3,2,4,3,2,0,2,2,3,4
739,1026,Female,Married,Travel_Rarely,No,3,2,3,4,4,4,1,1,2,1,4
740,1027,Female,Married,Travel_Rarely,No,3,3,2,1,4,2,1,4,2,1,4
741,1028,Male,Divorced,Travel_Rarely,No,2,3,1,2,4,1,1,3,2,2,3
742,1029,Male,Married,Travel_Rarely,No,4,3,2,4,3,5,0,2,1,4,6
743,1030,Male,Married,Travel_Rarely,No,3,3,2,1,4,1,0,3,2,1,3
744,1032,Female,Single,Travel_Rarely,Yes,3,2,1,3,4,4,0,3,2,1,4
745,1033,Female,Married,Travel_Rarely,No,1,1,1,1,2,2,0,2,2,3,5
746,1034,Male,Married,Travel_Frequently,Yes,3,3,4,3,2,2,2,4,2,3,5
747,1035,Female,Divorced,Non-Travel,No,3,1,2,2,3,5,2,1,2,1,8
748,1036,Male,Single,Travel_Rarely,Yes,3,3,3,2,4,2,0,4,1,1,1
749,1037,Male,Single,Non-Travel,No,3,1,4,2,1,2,0,2,1,3,1
750,1038,Female,Married,Travel_Rarely,No,3,1,4,1,4,5,1,1,1,4,6
751,1039,Female,Married,Travel_Rarely,Yes,3,4,3,4,4,4,1,3,1,3,1
752,1040,Female,Married,Non-Travel,No,3,3,1,4,3,2,1,3,1,1,1
753,1042,Female,Single,Travel_Rarely,No,3,4,3,3,1,1,0,4,2,1,3
754,1043,Female,Single,Travel_Frequently,Yes,3,3,3,4,1,3,0,3,2,3,4
755,1044,Female,Single,Non-Travel,No,2,2,4,2,4,1,0,1,1,1,7
756,1045,Female,Married,Travel_Rarely,No,4,3,2,4,4,4,1,2,1,1,6
757,1046,Female,Single,Non-Travel,No,3,3,2,4,3,1,0,4,2,3,3
758,1047,Male,Divorced,Travel_Rarely,No,2,4,4,2,4,2,1,4,1,4,1
759,1048,Male,Married,Travel_Rarely,Yes,1,3,3,2,4,3,1,2,1,5,6
760,1049,Male,Single,Travel_Rarely,No,3,3,1,2,2,1,0,4,3,3,9
761,1050,Female,Married,Travel_Frequently,No,3,2,1,3,2,3,1,3,1,4,1
762,1052,Male,Divorced,Travel_Rarely,No,2,3,2,1,3,2,1,3,2,2,3
763,1053,Male,Married,Travel_Frequently,Yes,3,3,2,1,1,1,1,3,2,1,2
764,1055,Female,Married,Travel_Rarely,Yes,3,3,4,3,3,1,1,4,1,1,7
765,1056,Male,Married,Travel_Rarely,No,3,3,2,4,2,1,0,1,1,3,7
766,1060,Male,Married,Travel_Frequently,No,3,3,1,3,3,1,1,4,2,2,2
767,1061,Male,Married,Travel_Rarely,Yes,2,3,4,2,3,5,1,4,2,3,8
768,1062,Female,Single,Travel_Rarely,No,2,3,1,4,2,2,0,3,2,2,5
769,1066,Male,Married,Travel_Rarely,No,2,3,2,3,1,2,1,3,1,4,1
770,1068,Female,Divorced,Travel_Frequently,No,3,2,3,1,3,1,2,1,2,3,2
771,1069,Male,Divorced,Travel_Rarely,No,3,3,4,4,4,5,2,4,2,3,8
772,1070,Female,Married,Travel_Rarely,No,3,2,2,3,3,3,1,4,1,1,1
773,1071,Female,Married,Travel_Frequently,No,3,3,2,1,3,1,1,3,2,3,2
774,1073,Female,Single,Travel_Rarely,No,2,2,2,4,4,3,0,5,2,3,4
775,1074,Male,Single,Non-Travel,No,4,2,2,3,1,4,0,1,2,3,6
776,1076,Male,Divorced,Travel_Rarely,No,3,2,3,3,4,3,1,3,1,3,1
777,1077,Female,Single,Travel_Frequently,Yes,3,3,2,4,4,1,0,3,1,4,7
778,1079,Female,Single,Travel_Rarely,No,2,2,1,3,1,1,0,3,2,1,3
779,1080,Female,Divorced,Travel_Rarely,Yes,3,2,1,4,1,2,3,4,2,1,2
780,1081,Male,Married,Travel_Rarely,Yes,4,3,3,1,3,1,3,4,2,1,2
781,1082,Male,Single,Non-Travel,No,2,2,1,2,1,3,0,2,2,5,5
782,1083,Male,Married,Travel_Rarely,No,3,2,1,1,1,1,2,2,2,3,3
783,1084,Male,Married,Travel_Rarely,No,2,3,3,3,1,2,1,3,2,2,4
784,1085,Female,Married,Travel_Rarely,No,3,4,3,2,3,1,0,2,2,5,2
785,1088,Female,Married,Travel_Rarely,No,2,2,1,3,3,3,1,1,2,1,5
786,1092,Male,Married,Travel_Rarely,No,3,3,4,1,4,3,1,4,2,5,5
787,1094,Male,Married,Non-Travel,No,3,1,4,1,3,1,3,5,2,1,3
788,1096,Male,Married,Travel_Frequently,No,3,3,2,4,2,3,1,1,2,1,4
789,1097,Female,Single,Travel_Rarely,No,4,3,4,3,3,2,0,3,2,2,2
790,1098,Male,Married,Travel_Rarely,No,3,2,4,2,1,3,1,2,3,3,9
791,1099,Male,Divorced,Travel_Rarely,No,3,2,3,4,4,3,1,3,2,1,5
792,1100,Male,Single,Travel_Rarely,Yes,3,3,1,4,1,3,0,3,1,5,1
793,1101,Female,Single,Travel_Frequently,No,3,2,2,1,3,2,0,4,2,3,2
794,1102,Male,Divorced,Travel_Rarely,No,2,3,4,1,3,1,1,2,2,1,3
795,1103,Male,Single,Travel_Frequently,No,2,3,3,1,4,2,0,1,2,1,5
796,1105,Female,Divorced,Travel_Rarely,Yes,3,2,3,4,4,2,3,4,1,1,1
797,1106,Male,Married,Travel_Rarely,Yes,4,3,2,4,4,1,1,1,2,5,3
798,1107,Male,Divorced,Travel_Rarely,No,2,3,3,1,3,1,1,3,2,3,3
799,1108,Male,Single,Travel_Rarely,Yes,3,2,2,1,2,1,0,3,2,3,2
800,1109,Male,Married,Travel_Rarely,No,3,3,4,4,1,4,1,2,2,3,6
801,1111,Male,Divorced,Travel_Frequently,No,3,2,1,1,2,1,2,3,2,3,3
802,1113,Male,Single,Travel_Frequently,Yes,3,3,4,4,3,2,0,4,1,2,1
803,1114,Female,Married,Travel_Frequently,No,3,3,3,4,2,2,1,3,1,1,1
804,1115,Male,Married,Non-Travel,No,3,2,4,3,4,1,3,4,2,1,2
805,1116,Male,Single,Non-Travel,No,2,4,3,1,4,4,0,4,2,3,6
806,1117,Female,Married,Non-Travel,No,3,2,4,2,3,2,1,4,1,1,1
807,1118,Male,Single,Travel_Rarely,No,3,3,4,2,2,3,0,4,2,1,5
808,1119,Male,Divorced,Travel_Rarely,Yes,3,2,2,3,3,3,2,4,1,4,1
809,1120,Female,Divorced,Travel_Rarely,No,3,3,1,3,4,1,1,4,2,1,2
810,1121,Female,Divorced,Travel_Rarely,No,2,3,2,4,2,3,3,3,2,3,4
811,1124,Male,Married,Travel_Rarely,No,3,3,4,1,3,4,1,1,1,4,6
812,1125,Male,Single,Travel_Rarely,No,3,3,3,4,2,3,0,2,1,4,1
813,1126,Female,Married,Travel_Frequently,No,3,3,3,3,1,3,1,3,2,1,4
814,1127,Male,Divorced,Travel_Frequently,No,3,3,4,1,4,4,3,3,2,1,5
815,1128,Male,Single,Travel_Rarely,No,4,2,1,3,3,5,0,3,2,3,8
816,1131,Female,Single,Travel_Rarely,Yes,4,2,3,4,2,1,0,1,2,5,2
817,1132,Male,Single,Non-Travel,No,2,3,3,3,2,2,0,3,2,1,3
818,1133,Male,Single,Non-Travel,No,3,3,1,1,4,2,0,4,2,1,4
819,1135,Male,Married,Travel_Frequently,No,3,4,1,3,4,1,1,3,1,1,7
820,1136,Male,Married,Travel_Rarely,No,1,2,1,1,2,1,0,1,2,1,2
821,1137,Male,Divorced,Travel_Frequently,No,3,3,4,4,4,2,1,2,1,4,1
822,1138,Male,Married,Travel_Rarely,No,3,2,2,4,2,4,1,4,1,5,1
823,1140,Male,Single,Travel_Frequently,No,2,3,4,4,3,2,0,2,2,1,4
824,1143,Female,Divorced,Travel_Frequently,No,2,3,4,4,2,1,2,3,2,1,2
825,1148,Male,Single,Travel_Rarely,No,3,1,1,2,4,2,0,3,2,3,3
826,1150,Male,Married,Travel_Rarely,Yes,2,2,3,2,4,2,1,1,2,3,4
827,1152,Male,Married,Travel_Rarely,No,4,4,4,3,3,1,1,3,3,6,9
828,1154,Male,Divorced,Travel_Frequently,Yes,3,2,4,3,3,1,1,3,2,1,2
829,1156,Male,Single,Non-Travel,No,3,3,4,3,3,1,0,1,2,3,3
830,1157,Female,Single,Travel_Rarely,Yes,3,3,1,1,1,2,0,4,1,4,1
831,1158,Male,Married,Travel_Rarely,Yes,3,3,1,2,4,1,1,4,2,1,3
832,1160,Male,Married,Travel_Frequently,No,2,3,3,3,3,1,1,3,2,3,3
833,1161,Female,Divorced,Travel_Rarely,No,3,2,3,3,4,2,2,2,2,3,5
834,1162,Male,Married,Travel_Rarely,No,3,2,3,4,3,1,1,3,2,1,2
835,1163,Female,Married,Travel_Rarely,No,2,3,1,2,3,2,0,1,1,1,1
836,1164,Male,Single,Travel_Rarely,No,1,3,2,3,3,1,0,4,3,5,9
837,1165,Female,Married,Travel_Rarely,No,1,2,1,4,1,3,1,1,1,1,1
838,1166,Female,Single,Travel_Frequently,No,2,3,3,2,3,3,0,4,2,3,8
839,1167,Male,Single,Travel_Frequently,Yes,2,3,2,3,1,4,0,3,1,1,1
840,1171,Male,Single,Travel_Rarely,No,4,3,4,2,1,2,0,4,1,4,1
841,1172,Male,Married,Travel_Rarely,No,3,2,2,4,3,1,1,4,2,3,3
842,1173,Male,Single,Travel_Rarely,No,3,3,4,4,2,1,0,3,2,3,3
843,1175,Female,Married,Travel_Rarely,Yes,2,3,4,3,4,1,0,1,2,1,3
844,1177,Male,Married,Travel_Rarely,No,3,4,2,1,4,1,1,4,2,3,3
845,1179,Male,Married,Travel_Rarely,No,3,2,1,3,3,2,1,3,1,4,1
846,1180,Female,Married,Travel_Frequently,Yes,1,2,4,3,4,2,1,2,2,3,2
847,1182,Male,Divorced,Travel_Rarely,No,4,2,2,3,2,3,1,3,2,1,4
848,1184,Male,Single,Travel_Frequently,No,3,2,3,4,1,2,0,3,2,3,5
849,1185,Male,Married,Travel_Frequently,No,4,2,2,4,4,1,1,4,2,2,3
850,1188,Female,Single,Travel_Rarely,No,2,1,2,1,3,2,0,3,1,4,1
851,1190,Female,Divorced,Non-Travel,No,3,3,3,3,1,1,3,1,1,1,7
852,1191,Female,Divorced,Travel_Rarely,No,3,3,4,4,1,5,1,4,2,5,6
853,1192,Female,Married,Travel_Rarely,No,3,3,1,2,4,1,1,1,2,3,3
854,1193,Male,Single,Travel_Rarely,No,3,3,3,3,1,1,0,2,2,1,2
855,1195,Female,Married,Travel_Rarely,Yes,2,3,3,1,3,1,1,3,2,3,2
856,1196,Female,Married,Travel_Rarely,No,2,2,2,4,4,2,1,3,2,1,4
857,1198,Male,Single,Travel_Rarely,No,2,2,1,1,3,1,0,3,2,1,3
858,1200,Male,Single,Travel_Rarely,Yes,3,3,3,3,3,1,0,4,2,1,2
859,1201,Female,Divorced,Travel_Rarely,No,3,3,2,4,3,5,1,2,2,3,6
860,1202,Female,Married,Travel_Rarely,Yes,2,1,1,2,4,1,1,1,2,1,2
861,1203,Male,Married,Travel_Frequently,Yes,3,2,2,3,4,1,1,4,2,1,2
862,1204,Female,Married,Travel_Rarely,No,3,3,1,3,1,4,0,3,1,4,6
863,1206,Male,Single,Non-Travel,No,3,1,4,4,3,1,0,3,2,1,2
864,1207,Male,Married,Travel_Rarely,No,3,3,4,2,3,1,1,3,3,6,9
865,1210,Male,Divorced,Non-Travel,No,1,2,1,1,1,1,1,2,2,1,2
866,1211,Male,Divorced,Travel_Rarely,No,3,3,3,3,1,2,3,4,1,1,1
867,1212,Male,Married,Travel_Frequently,No,3,3,4,2,2,2,3,4,1,3,1
868,1215,Female,Married,Travel_Frequently,No,3,3,3,4,1,4,1,3,2,3,6
869,1216,Male,Married,Travel_Rarely,No,3,2,3,4,1,1,3,4,2,3,3
870,1217,Male,Married,Travel_Rarely,No,3,3,1,4,2,5,1,2,2,1,8
871,1218,Male,Married,Travel_Rarely,Yes,3,3,4,3,1,2,3,4,1,1,1
872,1219,Female,Married,Travel_Rarely,No,1,3,1,4,2,1,1,2,2,1,3
873,1220,Female,Married,Travel_Frequently,No,2,3,1,2,3,2,1,3,1,3,1
874,1221,Male,Divorced,Travel_Rarely,No,3,1,3,3,3,1,1,4,2,1,3
875,1224,Male,Divorced,Travel_Rarely,No,2,3,1,3,3,2,3,4,2,1,3
876,1225,Male,Single,Travel_Rarely,No,3,3,2,4,4,2,0,4,2,2,2
877,1226,Male,Single,Travel_Rarely,No,3,4,4,3,4,1,0,3,1,4,7
878,1228,Male,Divorced,Travel_Rarely,No,2,3,3,4,4,2,1,4,2,5,4
879,1231,Male,Married,Non-Travel,No,4,4,1,4,1,2,1,5,3,3,9
880,1233,Male,Divorced,Travel_Rarely,Yes,3,4,2,2,4,2,1,4,1,4,1
881,1234,Female,Married,Travel_Frequently,No,3,2,3,3,2,1,1,3,2,2,3
882,1235,Female,Single,Travel_Frequently,Yes,3,3,4,4,3,2,0,2,2,1,2
883,1237,Female,Divorced,Travel_Rarely,Yes,3,1,3,3,1,3,1,3,2,5,4
884,1238,Male,Married,Travel_Rarely,No,3,3,2,1,4,1,1,3,2,3,2
885,1239,Female,Divorced,Travel_Rarely,No,4,2,2,2,2,2,1,3,1,5,1
886,1240,Male,Single,Travel_Rarely,No,3,3,2,3,4,2,0,4,1,1,1
887,1241,Male,Married,Travel_Rarely,Yes,3,3,1,4,2,1,1,3,2,3,2
888,1242,Female,Married,Travel_Frequently,Yes,3,3,3,1,1,3,0,5,2,3,8
889,1243,Female,Married,Non-Travel,Yes,2,2,2,3,4,3,1,2,1,4,1
890,1244,Male,Married,Travel_Rarely,Yes,2,3,4,1,1,1,2,3,2,1,2
891,1245,Female,Divorced,Travel_Frequently,No,1,3,1,4,3,3,1,4,2,1,4
892,1246,Female,Married,Travel_Rarely,No,3,4,4,1,4,1,1,1,2,1,2
893,1248,Female,Single,Non-Travel,Yes,4,2,2,1,2,1,0,3,2,3,2
894,1249,Female,Divorced,Travel_Rarely,No,3,3,1,1,4,1,3,3,2,1,2
895,1250,Male,Married,Travel_Rarely,No,3,3,1,4,4,4,0,3,2,1,8
896,1251,Male,Married,Travel_Rarely,Yes,2,3,4,3,1,2,0,2,2,3,5
897,1252,Female,Single,Travel_Rarely,No,3,2,2,3,1,2,0,3,2,3,5
898,1254,Female,Single,Travel_Rarely,No,3,2,4,3,4,2,0,3,1,1,1
899,1255,Male,Married,Travel_Rarely,No,3,1,2,3,4,5,1,3,2,1,8
900,1256,Male,Married,Travel_Rarely,No,4,2,3,1,3,5,1,2,2,3,6
901,1257,Male,Married,Travel_Frequently,No,2,3,3,3,2,1,0,3,2,5,2
902,1258,Male,Single,Travel_Rarely,No,2,4,3,4,2,1,0,2,2,5,3
903,1259,Male,Divorced,Travel_Rarely,No,3,3,2,1,3,1,3,2,2,1,2
904,1260,Male,Divorced,Travel_Rarely,Yes,3,3,2,3,4,2,2,3,2,1,5
905,1263,Male,Single,Travel_Rarely,No,4,2,3,4,4,5,0,3,2,1,8
906,1264,Female,Divorced,Travel_Rarely,No,2,2,2,4,4,4,2,3,2,1,8
907,1265,Female,Married,Travel_Rarely,No,2,4,4,3,3,1,0,3,2,5,2
908,1267,Male,Married,Travel_Rarely,No,3,3,3,2,2,5,1,3,1,4,6
909,1268,Male,Divorced,Travel_Rarely,Yes,3,4,4,4,3,3,2,5,1,4,1
910,1269,Female,Single,Travel_Rarely,Yes,3,4,4,2,4,1,0,3,2,1,2
911,1270,Male,Married,Travel_Rarely,No,3,3,4,4,3,1,1,2,2,1,2
912,1273,Male,Single,Travel_Frequently,Yes,3,1,4,3,4,1,0,1,1,1,7
913,1275,Male,Single,Travel_Rarely,Yes,2,3,2,3,4,1,0,2,2,1,2
914,1277,Female,Single,Travel_Rarely,Yes,3,1,1,1,2,5,0,3,1,4,6
915,1278,Male,Divorced,Non-Travel,Yes,3,2,4,4,2,4,1,1,2,3,5
916,1279,Female,Single,Travel_Frequently,No,1,2,3,1,3,1,0,2,2,1,3
917,1280,Female,Married,Travel_Rarely,No,3,2,3,4,2,5,1,2,1,4,6
918,1281,Female,Single,Travel_Rarely,Yes,3,3,4,3,1,2,0,3,1,4,1
919,1282,Male,Divorced,Travel_Frequently,Yes,2,3,1,4,2,5,1,3,1,1,6
920,1283,Male,Single,Travel_Rarely,No,2,3,4,4,4,3,0,4,2,3,4
921,1285,Female,Divorced,Travel_Frequently,No,4,3,3,3,2,2,2,3,2,3,3
922,1286,Male,Single,Travel_Frequently,Yes,2,3,3,4,3,1,0,4,2,3,3
923,1288,Male,Divorced,Travel_Rarely,No,2,4,4,3,1,5,2,2,2,1,6
924,1289,Male,Married,Travel_Frequently,No,4,2,4,3,2,2,2,3,3,1,9
925,1291,Male,Married,Travel_Rarely,Yes,3,3,4,3,3,1,0,1,2,1,2
926,1292,Female,Married,Travel_Rarely,Yes,3,4,4,2,2,2,0,4,2,3,2
927,1293,Female,Single,Travel_Rarely,No,4,2,4,4,4,3,0,4,1,4,1
928,1294,Female,Single,Travel_Rarely,Yes,3,3,4,3,2,2,0,4,2,1,4
929,1295,Female,Married,Travel_Rarely,No,3,3,4,1,4,3,1,3,2,3,5
930,1296,Male,Married,Travel_Frequently,Yes,3,2,2,4,4,1,1,3,2,1,3
931,1297,Female,Single,Travel_Frequently,No,2,2,2,2,3,1,0,2,2,3,3
932,1298,Female,Single,Non-Travel,Yes,3,3,3,3,3,2,0,2,2,3,4
933,1299,Female,Divorced,Travel_Rarely,Yes,3,3,1,2,3,1,2,3,2,5,3
934,1301,Male,Single,Travel_Rarely,No,2,3,2,4,1,1,0,3,2,5,2
935,1303,Female,Single,Travel_Rarely,No,2,3,4,4,2,1,0,3,2,3,2
936,1304,Male,Married,Travel_Rarely,No,4,4,3,3,4,2,2,3,1,3,1
937,1306,Female,Single,Travel_Frequently,No,3,3,3,2,2,5,0,3,2,3,6
938,1307,Female,Divorced,Travel_Rarely,Yes,3,2,4,3,2,4,2,4,2,3,6
939,1308,Male,Divorced,Travel_Rarely,No,3,3,4,1,3,1,2,4,2,1,2
940,1309,Male,Married,Travel_Rarely,No,3,3,1,4,3,2,1,2,2,1,3
941,1310,Male,Single,Travel_Rarely,No,3,3,1,3,1,1,0,3,2,3,2
942,1311,Female,Married,Travel_Rarely,No,3,2,1,1,4,2,1,3,2,5,3
943,1312,Female,Married,Travel_Rarely,No,3,3,1,4,3,3,0,4,2,5,5
944,1314,Female,Single,Travel_Rarely,No,4,3,3,4,1,1,0,2,3,1,9
945,1315,Female,Married,Non-Travel,No,3,1,1,3,4,2,3,3,2,1,3
946,1317,Female,Married,Travel_Rarely,Yes,3,3,2,4,1,4,0,3,2,1,8
947,1318,Male,Single,Travel_Rarely,Yes,3,2,3,4,2,3,0,4,1,4,1
948,1319,Male,Single,Travel_Rarely,Yes,2,3,3,2,2,3,0,3,1,1,1
949,1321,Female,Married,Travel_Rarely,Yes,3,3,4,2,1,3,2,4,2,3,6
950,1322,Male,Single,Travel_Rarely,No,3,3,1,1,3,2,0,2,2,1,4
951,1324,Female,Divorced,Non-Travel,Yes,2,3,1,4,3,3,1,4,1,1,1
952,1329,Male,Single,Non-Travel,No,3,1,1,3,2,2,0,2,1,3,1
953,1331,Female,Single,Travel_Frequently,Yes,4,3,1,4,2,1,0,3,1,1,7
954,1333,Male,Married,Travel_Rarely,No,4,3,3,1,1,1,0,3,2,1,3
955,1334,Male,Married,Non-Travel,Yes,2,3,4,3,3,4,0,1,2,1,6
956,1336,Female,Married,Travel_Rarely,No,3,1,4,4,3,5,1,2,2,3,6
957,1338,Male,Single,Travel_Rarely,No,3,3,1,4,2,5,0,4,3,1,6
958,1340,Male,Divorced,Non-Travel,No,3,3,2,3,3,1,1,2,2,1,2
959,1344,Male,Divorced,Travel_Rarely,No,2,3,4,4,4,3,1,3,2,1,5
960,1346,Male,Single,Travel_Rarely,No,3,3,3,3,4,2,0,3,2,1,2
961,1349,Female,Divorced,Travel_Frequently,No,3,3,4,3,1,2,1,3,1,4,1
962,1350,Male,Single,Travel_Frequently,Yes,3,3,2,3,3,2,0,4,2,1,2
963,1352,Male,Divorced,Travel_Rarely,Yes,3,3,2,3,2,4,1,3,3,1,6
964,1355,Female,Divorced,Travel_Rarely,No,3,3,4,2,1,2,1,2,1,1,1
965,1356,Female,Single,Travel_Rarely,No,4,3,4,3,1,2,0,2,1,3,1
966,1358,Male,Married,Travel_Rarely,No,2,3,3,4,4,1,3,1,2,3,3
967,1360,Female,Married,Travel_Rarely,Yes,2,2,4,3,1,3,0,4,2,3,4
968,1361,Male,Married,Travel_Rarely,No,3,3,3,2,2,1,1,4,2,1,3
969,1362,Female,Married,Travel_Frequently,No,2,4,4,1,1,2,1,3,1,4,1
970,1363,Male,Single,Travel_Rarely,No,3,3,3,4,4,3,0,3,2,1,4
971,1364,Female,Married,Travel_Rarely,No,3,4,2,3,4,1,1,3,1,3,7
972,1367,Female,Single,Travel_Rarely,No,2,2,2,4,2,4,0,2,2,5,4
973,1368,Female,Single,Non-Travel,No,4,3,3,4,4,1,0,3,2,1,3
974,1369,Female,Married,Travel_Rarely,No,3,2,2,4,4,2,1,3,2,3,3
975,1371,Male,Single,Travel_Frequently,No,3,1,2,4,4,2,0,1,1,1,1
976,1372,Male,Single,Travel_Rarely,Yes,2,4,3,1,3,4,0,4,1,4,1
977,1373,Male,Married,Travel_Rarely,Yes,3,3,1,4,2,4,1,3,2,1,4
978,1374,Female,Divorced,Non-Travel,No,3,2,3,1,3,1,3,1,2,5,2
979,1375,Female,Divorced,Travel_Rarely,No,3,4,2,2,3,2,3,1,2,3,5
980,1377,Male,Married,Travel_Rarely,No,3,3,1,2,3,2,2,3,2,3,3
981,1379,Female,Single,Travel_Frequently,No,4,2,3,3,4,1,0,3,1,1,7
982,1380,Female,Married,Travel_Frequently,Yes,2,3,3,4,3,2,1,4,1,4,1
983,1382,Male,Divorced,Travel_Frequently,No,3,4,4,4,3,1,3,3,2,1,2
984,1383,Female,Single,Travel_Rarely,No,4,3,4,3,4,2,0,4,2,5,5
985,1387,Male,Married,Travel_Rarely,No,3,2,3,3,1,2,1,3,1,1,1
986,1389,Male,Married,Travel_Rarely,Yes,2,3,4,4,3,2,2,4,2,3,4
987,1390,Male,Married,Travel_Rarely,Yes,4,2,4,1,4,2,2,4,1,1,1
988,1391,Male,Married,Travel_Frequently,No,3,3,2,2,2,3,0,3,1,4,1
989,1392,Female,Divorced,Travel_Frequently,Yes,2,3,1,4,4,2,2,3,2,1,2
990,1394,Male,Married,Travel_Rarely,Yes,3,3,4,3,3,1,0,1,2,1,2
991,1395,Male,Married,Travel_Frequently,No,4,3,1,2,4,2,0,1,1,1,1
992,1396,Male,Married,Travel_Rarely,Yes,2,3,1,3,2,2,3,1,1,4,1
993,1397,Male,Married,Non-Travel,No,3,3,2,3,3,3,1,2,2,1,5
994,1399,Male,Married,Travel_Rarely,No,2,4,2,1,3,2,0,1,1,1,1
995,1401,Female,Married,Travel_Frequently,Yes,2,4,2,4,3,4,1,2,2,3,4
996,1402,Female,Single,Travel_Rarely,Yes,1,2,1,1,3,2,0,3,2,3,2
997,1403,Female,Married,Travel_Rarely,Yes,3,2,4,4,4,2,0,3,1,4,1
998,1405,Female,Single,Travel_Rarely,Yes,3,3,4,4,3,1,0,4,2,1,2
999,1407,Male,Single,Travel_Rarely,No,3,2,4,1,4,1,0,1,2,3,2
1000,1408,Female,Married,Travel_Rarely,No,3,3,3,3,1,4,1,3,3,6,6
1001,1409,Female,Married,Travel_Rarely,No,1,3,3,3,1,1,0,4,2,2,3
1002,1411,Female,Single,Travel_Rarely,No,3,3,1,1,3,1,0,3,2,3,3
1003,1412,Male,Single,Travel_Frequently,No,3,3,3,3,4,3,0,2,2,1,4
1004,1415,Male,Married,Travel_Rarely,No,2,3,2,1,4,1,1,3,2,5,3
1005,1417,Male,Single,Travel_Rarely,No,3,4,4,3,1,1,0,3,2,2,3
1006,1419,Male,Single,Travel_Rarely,No,2,2,1,2,1,3,0,3,3,2,9
1007,1420,Male,Single,Travel_Frequently,No,3,2,1,1,1,2,0,2,2,1,3
1008,1421,Female,Single,Travel_Frequently,Yes,3,3,1,3,4,3,0,1,2,2,5
1009,1422,Female,Single,Travel_Rarely,No,2,3,4,4,4,4,0,3,2,3,8
1010,1423,Female,Married,Travel_Rarely,Yes,3,3,3,4,1,5,1,3,2,3,8
1011,1424,Male,Divorced,Travel_Rarely,No,4,4,4,2,4,4,2,4,2,3,8
1012,1425,Female,Single,Travel_Rarely,Yes,3,3,4,1,2,2,0,4,1,4,1
1013,1427,Female,Single,Travel_Frequently,No,3,1,2,2,3,1,0,4,1,1,7
1014,1428,Female,Divorced,Travel_Rarely,No,3,3,2,4,1,2,2,4,1,4,1
1015,1430,Female,Single,Travel_Rarely,No,4,3,3,1,2,4,0,5,2,1,8
1016,1431,Male,Divorced,Travel_Frequently,No,3,3,3,4,1,1,2,4,2,2,2
1017,1433,Female,Single,Travel_Rarely,No,4,2,3,1,2,1,0,3,2,1,2
1018,1434,Male,Married,Travel_Rarely,No,4,3,2,2,1,1,0,1,2,1,3
1019,1435,Male,Single,Travel_Rarely,No,2,2,3,1,4,2,0,4,2,1,3
1020,1436,Female,Married,Travel_Rarely,No,2,2,1,3,1,2,2,4,1,4,1
1021,1438,Male,Married,Travel_Rarely,No,2,3,3,1,4,1,1,3,2,5,2
1022,1439,Male,Married,Travel_Rarely,No,3,2,1,1,1,1,0,2,1,1,7
1023,1440,Male,Single,Non-Travel,No,1,4,1,3,3,1,0,2,2,5,3
1024,1441,Female,Married,Travel_Rarely,No,4,3,4,1,1,1,1,2,2,1,2
1025,1443,Female,Married,Travel_Rarely,No,4,3,2,1,3,4,2,4,2,3,8
1026,1445,Female,Married,Travel_Rarely,Yes,3,3,3,4,3,2,2,1,1,3,1
1027,1446,Male,Married,Travel_Rarely,No,2,3,3,4,4,2,1,5,1,4,1
1028,1447,Female,Married,Travel_Rarely,No,2,2,1,4,2,1,1,3,2,1,3
1029,1448,Male,Married,Travel_Rarely,Yes,2,4,1,2,3,1,0,5,2,3,2
1030,1449,Male,Divorced,Non-Travel,No,4,3,3,3,3,2,2,4,2,2,3
1031,1453,Male,Divorced,Travel_Rarely,No,3,3,1,1,4,3,1,2,1,1,1
1032,1457,Male,Divorced,Travel_Rarely,No,4,3,1,1,4,3,1,3,1,4,1
1033,1458,Female,Single,Non-Travel,Yes,4,2,2,1,1,1,0,3,2,1,3
1034,1459,Female,Single,Travel_Frequently,No,3,4,1,3,2,3,0,5,2,1,4
1035,1460,Male,Divorced,Travel_Rarely,Yes,3,1,2,2,1,3,1,3,2,3,5
1036,1461,Female,Single,Travel_Rarely,No,3,4,4,4,2,1,0,2,3,3,9
1037,1464,Male,Married,Travel_Frequently,Yes,1,3,3,2,4,1,1,3,2,1,3
1038,1465,Male,Married,Travel_Rarely,Yes,4,3,4,2,4,3,2,3,2,5,4
1039,1466,Male,Divorced,Travel_Rarely,No,3,3,1,3,1,2,3,3,1,4,1
1040,1467,Female,Married,Travel_Rarely,No,3,3,4,1,3,1,0,4,3,5,9
1041,1468,Male,Divorced,Non-Travel,No,3,2,3,4,2,3,1,1,2,3,8
1042,1469,Male,Single,Travel_Rarely,No,3,3,4,4,1,2,0,3,1,3,1
1043,1471,Male,Single,Non-Travel,No,3,2,4,3,3,1,0,3,2,1,3
1044,1472,Male,Single,Travel_Rarely,No,2,4,2,4,2,4,0,3,2,3,8
1045,1473,Male,Married,Travel_Rarely,No,2,3,2,1,3,2,1,4,2,5,5
1046,1474,Male,Divorced,Travel_Rarely,No,4,3,3,3,3,1,1,3,2,3,2
1047,1475,Male,Single,Travel_Rarely,No,2,3,3,4,2,1,0,3,2,1,2
1048,1477,Male,Married,Travel_Frequently,No,3,3,1,4,1,2,2,3,1,3,1
1049,1478,Male,Single,Travel_Rarely,No,3,1,4,4,1,2,0,3,1,2,1
1050,1479,Male,Married,Travel_Rarely,No,2,3,3,4,3,2,2,1,1,1,1
1051,1480,Female,Single,Travel_Frequently,No,3,3,3,1,4,1,0,2,2,3,3
1052,1481,Female,Married,Travel_Frequently,No,2,3,3,1,3,2,1,5,1,4,1
1053,1482,Male,Divorced,Non-Travel,No,2,3,2,3,3,1,2,3,2,5,2
1054,1483,Male,Married,Travel_Rarely,No,2,4,1,2,3,2,1,2,2,1,2
1055,1484,Male,Divorced,Travel_Rarely,No,3,3,2,3,2,3,2,4,2,1,5
1056,1485,Male,Divorced,Travel_Frequently,No,2,3,4,2,1,4,2,3,2,3,8
1057,1486,Male,Married,Travel_Frequently,No,4,3,4,1,3,1,1,3,1,5,7
1058,1487,Female,Single,Travel_Frequently,No,1,3,1,1,2,2,0,3,1,5,1
1059,1489,Female,Single,Travel_Rarely,Yes,4,2,3,1,2,2,0,4,1,3,1
1060,1492,Male,Married,Travel_Rarely,No,3,3,1,4,3,1,1,1,1,1,7
1061,1494,Male,Single,Travel_Frequently,Yes,2,3,3,2,1,1,0,3,2,3,3
1062,1495,Female,Married,Non-Travel,No,3,3,3,4,2,1,1,2,1,1,7
1063,1496,Male,Single,Travel_Frequently,Yes,2,3,2,2,3,3,0,1,2,3,4
1064,1497,Male,Divorced,Travel_Rarely,No,3,2,3,3,3,2,2,3,1,1,1
1065,1499,Male,Divorced,Travel_Rarely,No,4,3,1,3,3,1,1,3,3,1,9
1066,1501,Male,Married,Travel_Rarely,Yes,3,3,2,4,3,2,0,4,2,1,5
1067,1502,Female,Married,Travel_Rarely,No,3,2,4,1,2,1,0,4,2,3,3
1068,1503,Female,Married,Travel_Rarely,Yes,2,3,3,3,3,2,1,3,1,3,1
1069,1504,Male,Single,Travel_Frequently,No,2,2,3,3,1,1,0,2,2,3,3
1070,1506,Male,Divorced,Travel_Rarely,No,1,2,4,1,3,1,1,3,2,1,2
1071,1507,Male,Single,Travel_Frequently,No,3,3,4,3,1,2,0,3,1,1,1
1072,1509,Female,Married,Travel_Rarely,No,3,2,1,3,1,2,1,2,2,3,3
1073,1513,Female,Married,Travel_Frequently,No,3,3,3,4,2,1,3,1,2,1,3
1074,1514,Male,Married,Travel_Rarely,No,2,1,2,3,2,2,2,1,2,1,4
1075,1515,Male,Single,Travel_Rarely,Yes,3,3,1,4,3,2,0,5,2,1,5
1076,1516,Male,Single,Travel_Rarely,No,4,3,2,3,4,3,0,3,2,3,6
1077,1520,Female,Divorced,Travel_Frequently,No,3,3,1,2,4,4,1,4,2,3,6
1078,1522,Male,Single,Travel_Rarely,No,1,2,3,1,1,1,0,4,2,5,2
1079,1523,Male,Married,Travel_Rarely,No,4,3,3,4,1,4,1,3,2,1,8
1080,1525,Female,Single,Travel_Rarely,No,3,3,4,2,2,3,0,3,2,1,4
1081,1527,Female,Married,Travel_Rarely,No,4,3,4,3,2,4,1,3,1,1,6
1082,1529,Female,Single,Travel_Rarely,No,1,2,4,4,2,3,0,3,2,1,5
1083,1533,Male,Single,Travel_Rarely,No,3,3,2,1,3,2,0,1,2,1,3
1084,1534,Male,Single,Travel_Rarely,No,1,3,2,4,1,1,0,4,2,1,3
1085,1535,Male,Married,Travel_Rarely,Yes,3,2,4,4,3,3,0,3,1,5,1
1086,1537,Female,Single,Travel_Frequently,No,1,3,1,4,3,1,0,3,2,1,2
1087,1539,Male,Single,Travel_Frequently,Yes,3,1,4,3,4,4,0,5,2,3,8
1088,1541,Male,Married,Travel_Rarely,Yes,3,3,2,2,3,1,1,2,1,5,7
1089,1542,Male,Married,Travel_Rarely,No,3,2,2,3,2,1,1,3,2,3,3
1090,1543,Male,Married,Travel_Rarely,No,3,3,1,1,4,2,0,3,2,3,2
1091,1544,Female,Married,Travel_Rarely,No,3,1,3,3,1,2,1,1,2,2,5
1092,1545,Male,Single,Travel_Rarely,No,3,2,4,4,2,2,0,3,2,1,4
1093,1546,Male,Married,Travel_Rarely,No,3,3,4,4,4,1,1,3,2,5,2
1094,1547,Male,Married,Travel_Frequently,Yes,1,3,3,4,4,3,1,3,2,1,5
1095,1548,Male,Married,Travel_Rarely,No,4,3,4,1,1,2,0,2,1,3,1
1096,1549,Male,Married,Travel_Rarely,Yes,3,3,2,2,3,2,1,4,2,1,3
1097,1550,Male,Single,Travel_Rarely,Yes,3,3,4,3,4,4,0,2,3,3,6
1098,1551,Male,Divorced,Travel_Rarely,No,3,2,2,3,1,1,3,2,2,5,3
1099,1552,Male,Divorced,Non-Travel,Yes,3,3,3,4,4,2,0,2,2,1,5
1100,1553,Male,Divorced,Travel_Rarely,No,3,3,1,1,2,3,3,4,2,5,5
1101,1554,Female,Married,Travel_Rarely,No,3,2,1,2,3,1,2,4,1,1,7
1102,1555,Female,Married,Travel_Rarely,No,3,2,1,4,2,2,1,2,2,1,2
1103,1556,Male,Single,Travel_Rarely,Yes,2,3,4,3,4,1,0,4,1,1,7
1104,1557,Female,Divorced,Travel_Rarely,No,3,3,3,3,3,2,1,4,1,1,1
1105,1558,Male,Married,Travel_Rarely,No,2,4,1,3,3,1,2,3,2,1,2
1106,1560,Male,Married,Travel_Rarely,No,1,3,4,1,1,2,1,4,1,1,1
1107,1562,Male,Married,Travel_Rarely,No,3,2,4,2,1,2,1,3,1,1,1
1108,1563,Male,Married,Travel_Frequently,No,3,3,3,3,3,2,0,4,3,6,9
1109,1564,Male,Single,Travel_Rarely,No,3,2,2,4,1,1,0,3,2,3,3
1110,1568,Male,Married,Travel_Rarely,No,3,3,2,3,2,3,1,4,1,5,1
1111,1569,Female,Divorced,Travel_Rarely,Yes,3,3,4,1,1,1,1,3,2,1,3
1112,1572,Female,Married,Travel_Rarely,No,3,2,2,3,4,3,1,5,2,5,4
1113,1573,Male,Married,Travel_Rarely,No,3,3,1,3,2,2,2,3,2,3,4
1114,1574,Male,Married,Non-Travel,No,2,3,2,4,1,2,1,4,2,5,2
1115,1576,Female,Married,Travel_Rarely,No,2,3,4,3,1,1,1,4,2,2,2
1116,1577,Male,Single,Travel_Rarely,No,1,3,3,1,4,1,0,4,2,3,2
1117,1578,Male,Married,Travel_Rarely,No,3,2,3,3,4,5,1,5,1,4,6
1118,1580,Male,Married,Travel_Rarely,No,2,3,2,2,4,2,1,4,2,1,2
1119,1581,Female,Married,Travel_Rarely,No,3,3,1,1,4,1,0,3,2,1,2
1120,1582,Male,Married,Travel_Rarely,No,3,3,4,3,2,2,1,3,1,1,1
1121,1583,Female,Single,Travel_Rarely,No,4,3,2,2,2,2,0,3,1,1,1
1122,1585,Female,Single,Travel_Rarely,No,3,3,1,2,3,2,0,4,1,1,1
1123,1586,Male,Single,Travel_Rarely,Yes,3,3,4,2,1,1,0,1,2,3,3
1124,1587,Female,Single,Travel_Rarely,Yes,3,3,3,1,3,2,0,4,2,3,5
1125,1588,Male,Married,Travel_Rarely,No,3,4,1,4,3,3,1,3,1,3,1
1126,1590,Male,Divorced,Travel_Frequently,No,4,3,4,1,4,2,1,1,2,1,5
1127,1591,Male,Married,Travel_Rarely,Yes,3,3,3,3,3,5,1,3,1,4,6
1128,1592,Male,Married,Travel_Rarely,No,3,4,4,4,3,1,1,3,2,5,2
1129,1594,Male,Married,Travel_Frequently,Yes,3,4,4,1,1,2,1,4,2,1,3
1130,1595,Male,Single,Travel_Rarely,No,3,2,4,4,4,5,0,2,2,2,6
1131,1596,Male,Married,Travel_Rarely,No,2,4,4,2,3,2,2,3,2,1,3
1132,1597,Male,Married,Travel_Frequently,No,2,2,2,4,3,2,1,4,2,5,5
1133,1598,Female,Married,Travel_Rarely,No,3,3,3,4,1,2,1,2,1,1,1
1134,1599,Male,Divorced,Travel_Rarely,No,3,4,3,4,2,1,1,3,2,5,3
1135,1601,Male,Married,Travel_Rarely,No,2,2,4,3,4,1,1,2,2,1,3
1136,1602,Male,Single,Travel_Rarely,No,1,4,2,4,1,4,0,4,1,1,6
1137,1604,Male,Married,Travel_Rarely,Yes,3,3,3,3,2,1,3,3,2,3,3
1138,1605,Female,Married,Non-Travel,Yes,2,2,2,2,3,1,0,2,2,2,2
1139,1606,Male,Married,Travel_Frequently,Yes,3,3,3,2,3,4,1,5,2,3,5
1140,1607,Female,Married,Travel_Rarely,No,3,4,4,2,4,1,2,4,2,2,2
1141,1608,Female,Divorced,Travel_Rarely,Yes,2,3,4,2,4,5,1,3,2,3,8
1142,1609,Male,Married,Travel_Rarely,No,2,2,2,2,2,1,1,3,2,3,2
1143,1611,Female,Single,Travel_Rarely,Yes,3,1,1,3,1,2,0,5,2,3,3
1144,1612,Male,Married,Non-Travel,No,3,2,1,1,1,2,1,3,1,4,1
1145,1613,Male,Single,Travel_Frequently,No,3,3,4,4,1,2,0,4,1,2,1
1146,1614,Female,Married,Travel_Rarely,Yes,3,3,2,3,3,2,2,4,2,1,4
1147,1615,Male,Divorced,Travel_Frequently,No,3,4,1,3,4,2,1,4,2,1,4
1148,1617,Female,Married,Travel_Rarely,No,2,3,4,3,1,1,1,4,2,1,3
1149,1618,Male,Married,Travel_Rarely,No,3,3,4,2,1,2,3,5,2,3,4
1150,1619,Male,Divorced,Travel_Rarely,No,3,2,1,4,1,1,2,3,2,2,3
1151,1621,Male,Married,Travel_Rarely,No,3,4,4,2,1,2,0,5,2,1,2
1152,1622,Female,Divorced,Travel_Rarely,No,2,1,2,2,1,2,1,3,2,3,4
1153,1623,Male,Single,Travel_Rarely,No,3,3,3,3,4,1,0,1,2,3,2
1154,1624,Female,Single,Travel_Frequently,Yes,4,3,3,2,4,1,0,2,1,3,7
1155,1625,Female,Married,Travel_Rarely,No,3,3,3,4,3,5,1,4,3,1,6
1156,1627,Male,Divorced,Travel_Rarely,No,3,2,4,3,3,2,1,2,2,3,3
1157,1628,Female,Married,Travel_Rarely,No,3,2,4,1,3,3,2,3,2,1,4
1158,1630,Female,Married,Non-Travel,No,3,3,4,3,3,2,1,4,2,1,5
1159,1631,Male,Married,Travel_Rarely,No,2,3,1,3,3,2,3,3,2,1,4
1160,1633,Female,Single,Travel_Frequently,No,1,3,4,1,3,2,0,3,2,3,4
1161,1635,Female,Divorced,Travel_Rarely,No,3,2,1,4,4,2,2,2,2,2,4
1162,1638,Female,Married,Travel_Rarely,Yes,4,2,4,4,3,3,1,2,2,3,4
1163,1639,Male,Married,Travel_Rarely,No,3,2,3,4,1,3,0,3,1,3,1
1164,1640,Female,Married,Travel_Rarely,No,1,3,1,2,2,1,1,3,2,3,2
1165,1641,Female,Single,Travel_Rarely,Yes,2,3,4,3,4,3,0,3,2,1,4
1166,1642,Male,Married,Travel_Frequently,Yes,3,3,3,1,4,2,0,5,3,6,9
1167,1644,Male,Married,Travel_Frequently,No,3,2,2,3,4,4,1,5,2,3,6
1168,1645,Male,Divorced,Travel_Rarely,Yes,2,1,4,1,4,2,2,2,1,3,1
1169,1646,Female,Single,Travel_Frequently,Yes,3,3,3,1,4,1,0,1,2,5,2
1170,1647,Female,Married,Travel_Rarely,No,3,4,1,2,3,1,0,3,2,3,2
1171,1648,Male,Single,Travel_Frequently,No,2,3,3,4,4,1,0,3,2,3,2
1172,1649,Male,Single,Travel_Rarely,Yes,1,3,2,1,1,1,0,3,2,1,3
1173,1650,Male,Single,Travel_Rarely,No,3,2,3,3,3,2,0,3,1,3,1
1174,1651,Female,Married,Travel_Rarely,No,3,3,3,2,1,3,2,4,2,1,5
1175,1653,Male,Divorced,Travel_Frequently,No,3,4,3,4,3,2,2,1,2,1,4
1176,1654,Male,Married,Travel_Rarely,No,3,3,3,4,2,2,0,3,2,3,4
1177,1655,Female,Married,Travel_Rarely,No,3,3,2,1,2,4,2,4,2,2,8
1178,1656,Female,Divorced,Travel_Rarely,No,3,2,3,4,1,3,3,5,2,1,8
1179,1657,Female,Single,Travel_Rarely,No,3,3,1,3,3,1,0,3,1,3,7
1180,1658,Female,Divorced,Travel_Rarely,No,3,3,3,4,2,2,1,3,2,1,2
1181,1659,Male,Single,Travel_Rarely,No,3,3,3,1,2,1,0,3,2,1,3
1182,1661,Female,Married,Travel_Rarely,Yes,3,2,2,3,3,4,1,1,2,1,5
1183,1662,Female,Married,Non-Travel,No,3,2,3,4,3,2,0,4,2,3,4
1184,1664,Male,Divorced,Travel_Rarely,No,3,4,1,4,1,2,1,2,2,1,5
1185,1665,Female,Married,Travel_Rarely,No,3,3,3,2,3,4,1,5,2,3,6
1186,1666,Male,Married,Travel_Rarely,No,3,2,1,3,3,4,1,2,2,1,8
1187,1667,Male,Single,Travel_Frequently,Yes,4,3,1,4,4,2,0,4,1,2,1
1188,1668,Male,Married,Travel_Frequently,No,4,3,4,4,4,2,2,3,2,1,2
1189,1669,Male,Divorced,Travel_Rarely,Yes,2,2,2,1,2,2,1,3,1,3,1
1190,1670,Male,Divorced,Travel_Rarely,No,3,3,3,4,4,2,2,4,1,3,1
1191,1671,Male,Divorced,Travel_Rarely,No,2,3,3,4,2,2,2,3,2,3,2
1192,1673,Female,Married,Travel_Rarely,No,3,3,1,1,4,2,2,4,1,1,1
1193,1674,Female,Divorced,Travel_Rarely,Yes,2,3,2,4,1,1,1,3,2,3,3
1194,1675,Female,Single,Travel_Frequently,No,3,2,2,4,2,1,0,3,2,3,3
1195,1676,Female,Divorced,Travel_Rarely,No,3,4,3,2,2,4,3,4,1,1,6
1196,1677,Male,Single,Travel_Rarely,No,3,3,1,3,3,4,0,3,2,1,6
1197,1678,Male,Single,Travel_Rarely,Yes,3,3,4,4,3,3,0,2,1,1,1
1198,1680,Male,Single,Travel_Rarely,No,3,3,1,4,1,1,0,1,1,1,7
1199,1681,Female,Divorced,Non-Travel,Yes,3,3,3,3,4,2,1,3,1,1,1
1200,1682,Male,Married,Travel_Rarely,No,2,3,2,1,3,2,2,4,2,1,5
1201,1683,Female,Divorced,Travel_Rarely,Yes,3,3,1,3,4,1,3,3,3,1,9
1202,1684,Male,Single,Travel_Rarely,Yes,3,2,1,4,3,1,0,1,2,3,3
1203,1687,Female,Married,Travel_Rarely,No,2,3,4,4,3,1,1,2,2,3,3
1204,1689,Male,Married,Travel_Rarely,No,3,4,3,2,4,3,0,4,2,3,5
1205,1691,Female,Married,Travel_Frequently,Yes,3,3,3,4,3,1,2,2,1,3,7
1206,1692,Male,Single,Travel_Rarely,No,3,3,1,4,2,1,0,4,2,1,3
1207,1693,Male,Single,Non-Travel,No,3,3,3,4,4,1,0,3,2,3,3
1208,1694,Male,Divorced,Travel_Rarely,No,3,2,4,1,2,1,1,3,2,5,2
1209,1696,Male,Married,Travel_Rarely,No,4,2,3,2,4,2,1,2,2,3,3
1210,1697,Male,Divorced,Travel_Rarely,No,4,1,3,3,4,3,1,4,2,3,5
1211,1698,Male,Married,Travel_Rarely,No,3,4,4,2,2,1,3,3,2,3,3
1212,1700,Male,Divorced,Travel_Frequently,No,2,1,3,3,4,2,2,4,1,3,1
1213,1701,Female,Married,Travel_Rarely,No,3,2,2,2,4,1,0,3,2,1,2
1214,1702,Male,Divorced,Travel_Rarely,Yes,3,3,2,3,4,1,1,3,1,1,7
1215,1703,Female,Married,Travel_Rarely,Yes,3,4,2,3,4,3,1,3,2,1,5
1216,1704,Male,Single,Travel_Frequently,Yes,4,2,3,1,4,1,0,4,2,3,2
1217,1706,Male,Married,Travel_Rarely,Yes,3,3,1,4,4,2,1,3,1,3,1
1218,1707,Male,Married,Travel_Rarely,No,3,4,4,3,3,1,1,3,2,3,2
1219,1708,Male,Single,Travel_Rarely,No,3,3,2,4,3,3,0,3,1,4,1
1220,1709,Female,Married,Travel_Rarely,No,3,3,3,4,3,1,1,4,2,3,3
1221,1710,Female,Single,Travel_Rarely,No,2,3,3,3,4,2,0,4,1,1,7
1222,1712,Male,Married,Non-Travel,No,2,2,4,3,3,3,1,1,2,1,5
1223,1714,Male,Married,Travel_Rarely,No,3,1,3,4,3,1,1,1,3,6,9
1224,1716,Male,Married,Travel_Frequently,No,1,1,3,3,3,4,0,3,1,1,1
1225,1718,Male,Married,Travel_Rarely,No,4,1,3,4,3,1,3,4,2,3,3
1226,1719,Female,Single,Travel_Rarely,No,3,2,3,4,2,4,0,2,2,5,8
1227,1720,Male,Married,Travel_Frequently,No,2,3,1,1,3,1,1,3,2,1,2
1228,1721,Male,Married,Travel_Rarely,No,4,3,4,2,3,1,1,4,2,1,3
1229,1722,Male,Married,Non-Travel,No,3,1,2,3,2,2,1,3,3,6,9
1230,1724,Female,Married,Travel_Rarely,Yes,3,3,2,2,1,2,1,2,2,1,4
1231,1725,Male,Divorced,Travel_Rarely,No,4,3,2,2,1,1,3,1,2,3,3
1232,1727,Male,Single,Travel_Rarely,No,3,3,4,3,2,2,0,4,2,1,5
1233,1728,Male,Married,Travel_Rarely,No,3,3,2,4,3,2,1,4,2,1,4
1234,1729,Male,Married,Travel_Rarely,No,2,3,2,2,4,1,1,1,2,1,2
1235,1731,Male,Married,Non-Travel,No,1,3,4,3,2,2,1,4,1,4,1
1236,1732,Male,Divorced,Travel_Rarely,Yes,2,3,2,3,4,3,1,3,1,1,1
1237,1733,Male,Divorced,Travel_Rarely,Yes,3,2,2,2,1,2,3,5,1,4,1
1238,1734,Male,Single,Travel_Rarely,No,3,1,2,1,2,2,0,2,1,1,1
1239,1735,Female,Single,Travel_Rarely,No,1,3,3,3,2,1,0,1,2,3,3
1240,1736,Female,Single,Travel_Frequently,No,2,3,4,4,4,2,0,1,2,5,4
1241,1737,Male,Married,Non-Travel,Yes,3,3,4,4,4,2,1,3,2,1,3
1242,1739,Male,Married,Travel_Rarely,No,1,1,3,4,3,3,1,3,1,1,1
1243,1740,Male,Single,Travel_Rarely,No,2,3,2,2,2,5,0,4,1,3,6
1244,1744,Female,Married,Travel_Rarely,No,4,1,3,3,3,3,2,3,3,1,9
1245,1745,Female,Single,Travel_Frequently,No,3,2,4,4,1,1,0,4,2,5,2
1246,1746,Male,Married,Travel_Frequently,No,3,3,4,1,4,1,1,3,3,3,9
1247,1747,Female,Divorced,Travel_Frequently,No,2,2,3,3,4,1,1,3,3,6,9
1248,1749,Male,Married,Travel_Rarely,No,3,3,3,1,3,2,1,3,1,5,1
1249,1751,Female,Single,Travel_Rarely,No,2,3,3,3,4,1,0,3,2,3,2
1250,1752,Female,Single,Travel_Rarely,No,3,1,3,2,2,1,0,3,1,4,7
1251,1753,Male,Single,Travel_Frequently,Yes,4,4,4,4,3,2,0,3,2,1,5
1252,1754,Male,Divorced,Travel_Rarely,No,3,2,1,3,1,3,1,2,1,4,1
1253,1755,Male,Married,Travel_Rarely,Yes,3,4,1,4,4,1,3,4,2,3,2
1254,1756,Female,Single,Non-Travel,No,2,3,4,4,2,2,0,3,1,4,1
1255,1757,Female,Single,Travel_Rarely,No,4,3,3,4,4,2,0,4,1,4,1
1256,1758,Female,Single,Travel_Rarely,Yes,2,3,3,1,1,3,0,3,1,1,1
1257,1760,Female,Married,Travel_Frequently,No,2,2,2,3,2,1,1,2,2,3,3
1258,1761,Male,Married,Travel_Rarely,No,3,3,1,1,3,3,3,4,1,4,1
1259,1762,Female,Divorced,Travel_Rarely,No,3,2,3,4,1,1,1,3,2,5,2
1260,1763,Male,Married,Travel_Rarely,No,3,4,3,3,3,2,1,3,2,1,5
1261,1764,Male,Single,Non-Travel,No,3,3,2,2,2,1,0,4,2,5,2
1262,1766,Male,Married,Travel_Rarely,Yes,3,1,3,2,4,2,1,3,2,3,5
1263,1767,Male,Married,Travel_Frequently,Yes,3,2,4,3,3,1,1,3,2,5,2
1264,1768,Male,Divorced,Travel_Rarely,No,2,3,2,2,2,1,3,3,2,3,3
1265,1770,Male,Married,Travel_Rarely,No,3,2,2,3,1,5,3,3,2,3,8
1266,1771,Male,Divorced,Non-Travel,No,2,3,4,4,2,2,2,3,2,5,2
1267,1772,Male,Divorced,Travel_Rarely,No,3,3,2,3,1,1,2,4,2,1,3
1268,1774,Male,Divorced,Non-Travel,Yes,3,3,3,4,3,2,1,3,1,1,1
1269,1775,Female,Married,Non-Travel,Yes,2,2,4,1,3,4,3,4,2,3,4
1270,1778,Male,Single,Travel_Rarely,No,3,3,2,2,4,1,0,3,3,1,9
1271,1779,Female,Single,Travel_Rarely,No,3,1,1,4,4,2,0,2,1,1,1
1272,1780,Male,Single,Travel_Rarely,No,3,3,2,2,2,1,0,1,1,4,7
1273,1782,Female,Married,Travel_Rarely,No,3,2,2,4,3,1,1,2,2,2,3
1274,1783,Female,Married,Travel_Rarely,Yes,3,3,3,3,1,1,0,1,2,3,3
1275,1784,Female,Married,Travel_Rarely,No,3,2,1,1,4,2,2,4,1,4,1
1276,1786,Female,Married,Travel_Rarely,No,3,3,4,1,3,3,0,3,2,5,6
1277,1787,Male,Married,Travel_Rarely,No,3,2,1,2,2,2,2,2,1,4,1
1278,1789,Male,Divorced,Travel_Rarely,Yes,3,3,3,3,4,5,1,4,2,3,8
1279,1790,Male,Married,Travel_Rarely,Yes,3,3,4,4,1,3,1,3,2,1,5
1280,1792,Male,Divorced,Travel_Frequently,Yes,2,3,3,3,2,1,3,2,2,3,2
1281,1794,Male,Divorced,Travel_Rarely,No,2,3,3,3,2,2,0,2,3,2,9
1282,1797,Male,Single,Travel_Rarely,Yes,3,3,4,3,4,2,0,3,1,1,1
1283,1798,Male,Married,Travel_Rarely,No,3,4,2,4,1,1,1,4,2,1,2
1284,1799,Male,Married,Travel_Rarely,No,4,3,3,3,4,1,1,3,2,1,2
1285,1800,Male,Single,Travel_Rarely,No,3,3,3,3,3,3,0,1,2,3,8
1286,1801,Male,Single,Non-Travel,No,3,2,3,2,2,2,0,2,1,1,1
1287,1802,Female,Married,Travel_Rarely,No,2,3,4,3,1,1,1,2,2,1,3
1288,1803,Male,Married,Travel_Rarely,No,2,4,3,2,1,2,2,3,2,3,5
1289,1804,Male,Divorced,Non-Travel,No,3,3,3,2,4,2,1,2,2,3,4
1290,1805,Male,Divorced,Non-Travel,No,3,3,4,1,2,1,3,3,3,6,9
1291,1807,Male,Married,Travel_Frequently,No,2,3,3,4,1,2,1,4,2,1,3
1292,1809,Male,Single,Travel_Rarely,No,1,3,2,4,1,2,0,4,2,3,4
1293,1812,Male,Divorced,Travel_Frequently,No,3,3,4,3,4,2,1,3,1,1,1
1294,1813,Male,Single,Non-Travel,No,2,3,3,1,3,1,0,3,2,1,2
1295,1814,Male,Single,Travel_Rarely,No,1,4,1,2,2,2,0,3,2,1,5
1296,1815,Female,Divorced,Travel_Rarely,Yes,4,3,4,3,3,3,1,1,1,4,1
1297,1816,Female,Single,Travel_Rarely,No,3,3,2,1,3,3,0,3,2,3,4
1298,1818,Female,Married,Travel_Rarely,Yes,3,3,3,4,2,1,0,2,3,3,9
1299,1821,Female,Married,Travel_Rarely,No,4,3,4,4,2,2,1,2,2,3,5
1300,1822,Female,Divorced,Travel_Rarely,No,3,3,4,3,4,2,1,3,2,1,5
1301,1823,Male,Married,Travel_Rarely,No,3,4,3,2,3,2,2,2,1,5,1
1302,1824,Male,Divorced,Non-Travel,No,2,3,4,2,2,4,1,3,1,3,6
1303,1826,Male,Married,Travel_Rarely,No,4,1,2,2,3,1,1,4,2,3,3
1304,1827,Female,Divorced,Travel_Rarely,Yes,3,2,3,3,2,3,1,3,2,1,4
1305,1829,Female,Divorced,Travel_Rarely,No,3,3,2,2,1,2,1,3,2,1,5
1306,1830,Female,Married,Travel_Rarely,No,2,3,2,4,4,2,1,4,2,3,2
1307,1833,Female,Married,Travel_Frequently,No,3,3,4,1,1,3,2,4,1,4,1
1308,1834,Female,Married,Travel_Rarely,No,3,3,3,3,1,1,1,3,2,3,2
1309,1835,Female,Married,Travel_Rarely,Yes,2,1,1,2,4,2,2,4,1,4,7
1310,1836,Male,Single,Travel_Rarely,No,3,3,1,3,4,2,0,3,1,3,1
1311,1837,Male,Married,Travel_Frequently,Yes,3,3,2,1,3,4,0,4,2,1,8
1312,1839,Female,Single,Non-Travel,No,1,3,3,2,3,1,0,3,2,3,2
1313,1842,Male,Married,Travel_Rarely,No,3,4,3,4,1,1,0,5,3,6,9
1314,1844,Male,Divorced,Travel_Rarely,Yes,3,2,4,1,1,1,3,3,3,6,9
1315,1845,Female,Married,Non-Travel,No,4,3,2,3,3,2,2,4,1,1,1
1316,1847,Female,Married,Travel_Rarely,Yes,3,3,4,4,2,2,1,4,2,2,2
1317,1849,Male,Married,Travel_Frequently,No,3,3,3,1,4,2,1,4,1,1,1
1318,1850,Female,Single,Travel_Frequently,Yes,2,3,3,4,4,1,0,2,2,1,3
1319,1852,Male,Married,Travel_Frequently,No,4,3,2,4,4,1,0,1,2,3,3
1320,1853,Male,Single,Travel_Frequently,No,4,3,3,4,4,2,0,4,1,4,1
1321,1854,Male,Married,Non-Travel,No,2,3,2,3,3,1,2,4,2,5,2
1322,1856,Female,Single,Travel_Rarely,No,3,3,3,2,3,1,0,4,2,1,3
1323,1857,Male,Divorced,Travel_Rarely,No,2,3,3,4,4,3,1,2,2,1,4
1324,1858,Male,Divorced,Non-Travel,No,3,3,2,3,4,1,1,2,3,1,9
1325,1859,Male,Divorced,Travel_Rarely,No,3,1,4,4,3,2,2,1,2,1,5
1326,1860,Male,Single,Travel_Rarely,No,3,3,4,4,3,1,0,3,2,1,3
1327,1862,Male,Single,Travel_Rarely,Yes,2,2,3,3,2,2,0,4,1,4,1
1328,1863,Female,Divorced,Travel_Rarely,No,3,4,4,1,1,4,1,3,1,5,1
1329,1864,Female,Married,Travel_Rarely,No,3,2,4,2,3,2,1,1,1,3,7
1330,1865,Male,Married,Travel_Rarely,No,3,2,4,4,2,1,0,1,3,3,9
1331,1866,Female,Married,Travel_Rarely,No,3,2,4,1,3,5,0,3,2,3,6
1332,1867,Male,Married,Travel_Rarely,No,3,2,4,4,2,5,0,3,2,1,8
1333,1868,Male,Single,Travel_Frequently,Yes,2,2,2,4,4,1,0,2,2,1,2
1334,1869,Female,Married,Travel_Rarely,No,3,3,3,3,2,3,3,3,1,1,1
1335,1870,Female,Married,Travel_Frequently,No,2,2,4,4,1,1,1,3,2,1,2
1336,1871,Male,Divorced,Travel_Rarely,No,3,3,2,4,4,2,3,4,2,2,2
1337,1873,Male,Married,Travel_Rarely,No,4,2,2,2,4,1,1,4,2,5,2
1338,1875,Female,Married,Travel_Rarely,No,3,3,4,2,2,1,1,3,1,3,7
1339,1876,Male,Single,Travel_Rarely,No,2,3,3,2,4,1,0,3,1,3,7
1340,1878,Male,Single,Travel_Rarely,Yes,3,3,1,4,2,1,0,1,2,1,2
1341,1880,Female,Married,Travel_Rarely,Yes,3,2,1,2,3,2,1,4,1,5,1
1342,1881,Male,Divorced,Travel_Rarely,No,3,3,1,2,3,2,1,3,2,1,3
1343,1882,Male,Married,Travel_Rarely,Yes,3,3,4,3,4,3,3,3,1,1,1
1344,1883,Male,Single,Travel_Rarely,No,3,3,2,4,1,1,0,3,2,1,3
1345,1885,Male,Married,Travel_Rarely,Yes,3,3,3,4,1,2,1,4,2,3,2
1346,1886,Female,Married,Travel_Rarely,Yes,3,2,4,4,2,2,0,2,2,2,4
1347,1888,Female,Married,Travel_Rarely,No,2,2,4,2,4,2,2,2,2,1,4
1348,1890,Male,Single,Travel_Frequently,No,2,2,4,2,4,2,0,1,3,6,9
1349,1892,Male,Divorced,Travel_Rarely,No,3,3,1,1,1,4,1,4,2,1,6
1350,1893,Female,Married,Travel_Rarely,Yes,2,2,3,2,3,1,1,2,2,1,2
1351,1898,Female,Single,Travel_Rarely,No,2,4,2,1,3,2,0,2,1,3,1
1352,1900,Female,Divorced,Travel_Frequently,No,3,3,2,4,4,4,1,3,2,3,6
1353,1903,Male,Married,Travel_Rarely,No,3,4,4,2,1,2,1,4,2,1,5
1354,1905,Male,Married,Non-Travel,Yes,3,1,2,4,1,1,1,4,2,5,2
1355,1907,Male,Single,Travel_Rarely,No,3,3,4,1,4,1,0,2,2,1,3
1356,1908,Male,Married,Travel_Rarely,No,1,2,3,3,2,2,2,2,1,4,1
1357,1909,Female,Married,Travel_Rarely,No,3,3,3,3,2,2,1,3,1,4,1
1358,1911,Male,Married,Travel_Rarely,No,4,3,2,3,1,3,1,3,2,3,8
1359,1912,Female,Divorced,Travel_Rarely,Yes,3,3,4,3,4,2,1,2,1,3,1
1360,1915,Female,Married,Travel_Rarely,Yes,2,2,3,4,4,2,0,1,1,3,1
1361,1916,Female,Divorced,Travel_Rarely,No,2,4,2,1,3,1,1,3,2,3,3
1362,1918,Male,Married,Travel_Frequently,No,3,4,1,3,4,1,1,3,2,2,3
1363,1922,Male,Single,Travel_Frequently,No,3,3,3,2,3,2,0,4,2,3,5
1364,1924,Male,Single,Travel_Rarely,No,2,3,2,2,3,2,0,4,1,4,1
1365,1927,Male,Married,Travel_Frequently,Yes,3,2,3,3,4,2,1,2,1,1,1
1366,1928,Male,Single,Travel_Frequently,No,3,4,4,3,1,1,0,3,1,5,7
1367,1929,Female,Married,Non-Travel,No,3,1,3,1,3,2,1,4,1,1,1
1368,1931,Male,Married,Travel_Rarely,No,2,3,3,2,2,1,1,4,2,5,2
1369,1932,Male,Married,Travel_Frequently,Yes,3,2,2,3,4,2,0,4,2,2,2
1370,1933,Female,Single,Travel_Rarely,Yes,3,3,4,4,3,2,0,2,1,4,1
1371,1934,Male,Married,Non-Travel,No,4,3,3,3,2,2,1,4,2,5,2
1372,1935,Female,Married,Travel_Rarely,No,3,2,3,4,1,2,1,5,1,4,1
1373,1936,Male,Married,Travel_Rarely,No,3,3,4,1,1,2,1,2,2,3,4
1374,1937,Female,Divorced,Travel_Frequently,Yes,3,2,3,4,2,2,1,3,2,3,2
1375,1938,Female,Married,Travel_Rarely,Yes,2,3,3,4,4,4,1,3,1,1,6
1376,1939,Female,Single,Travel_Frequently,Yes,3,4,1,1,3,1,0,2,2,1,2
1377,1940,Male,Divorced,Travel_Rarely,No,4,3,4,2,4,1,2,2,2,1,2
1378,1941,Male,Married,Travel_Frequently,No,3,3,4,2,4,5,0,1,2,1,8
1379,1943,Male,Divorced,Travel_Rarely,Yes,3,3,3,2,4,2,2,4,1,4,1
1380,1944,Female,Married,Travel_Frequently,No,3,2,1,1,2,1,0,3,3,6,9
1381,1945,Male,Married,Travel_Rarely,No,1,3,4,2,1,2,1,4,1,3,1
1382,1947,Male,Single,Non-Travel,No,2,3,3,3,3,1,0,3,2,3,2
1383,1948,Male,Divorced,Non-Travel,Yes,4,3,4,3,1,1,1,2,2,3,2
1384,1949,Male,Married,Non-Travel,No,3,4,2,1,2,1,0,4,2,1,3
1385,1950,Male,Single,Travel_Rarely,No,2,3,1,1,4,3,0,3,1,4,1
1386,1951,Male,Divorced,Travel_Rarely,No,2,3,3,4,3,3,1,4,1,3,1
1387,1952,Male,Single,Travel_Rarely,No,2,3,4,3,1,1,0,3,2,3,3
1388,1954,Male,Married,Travel_Rarely,No,2,3,1,1,1,2,1,3,2,1,5
1389,1955,Female,Divorced,Non-Travel,No,3,3,2,3,4,2,1,4,2,3,5
1390,1956,Male,Married,Travel_Frequently,No,3,1,2,4,1,2,0,3,2,1,2
1391,1960,Male,Divorced,Travel_Rarely,No,2,2,1,3,4,1,1,3,2,5,3
1392,1961,Male,Single,Travel_Rarely,No,2,2,1,1,1,1,0,3,1,1,7
1393,1962,Female,Married,Travel_Rarely,Yes,3,3,4,3,4,2,0,4,1,1,1
1394,1965,Male,Single,Travel_Rarely,No,3,3,1,4,4,2,0,3,1,4,1
1395,1966,Male,Single,Travel_Rarely,No,3,2,2,4,4,2,0,4,2,1,4
1396,1967,Male,Married,Travel_Frequently,Yes,3,3,3,1,4,2,0,4,1,4,1
1397,1968,Male,Single,Travel_Rarely,Yes,2,3,2,1,1,3,0,4,1,1,1
1398,1969,Female,Married,Travel_Rarely,No,2,3,3,1,3,2,2,2,2,1,2
1399,1970,Male,Divorced,Travel_Frequently,No,3,3,3,4,3,2,3,2,2,1,5
1400,1971,Male,Married,Travel_Rarely,No,3,3,2,1,3,3,1,3,2,1,5
1401,1972,Male,Married,Travel_Frequently,Yes,3,3,2,4,2,1,1,4,3,2,9
1402,1973,Male,Married,Travel_Rarely,Yes,3,4,1,3,2,5,1,4,3,6,6
1403,1974,Female,Divorced,Travel_Rarely,Yes,3,1,3,4,4,1,3,1,2,3,3
1404,1975,Male,Single,Travel_Rarely,No,3,3,1,2,1,4,0,4,1,4,1
1405,1976,Male,Single,Non-Travel,No,3,2,4,4,3,2,0,2,2,1,2
1406,1979,Female,Married,Non-Travel,No,4,3,3,3,3,3,1,3,2,3,8
1407,1980,Female,Single,Travel_Rarely,Yes,3,3,4,3,1,2,0,3,2,3,4
1408,1981,Male,Single,Travel_Rarely,No,2,2,2,2,3,2,0,2,2,1,5
1409,1982,Male,Single,Travel_Rarely,No,4,3,3,4,4,1,0,2,2,2,3
1410,1985,Female,Married,Travel_Frequently,No,4,3,1,4,3,2,1,3,2,5,3
1411,1986,Female,Married,Travel_Rarely,No,3,3,3,2,2,2,1,2,1,4,1
1412,1987,Female,Married,Travel_Rarely,No,3,3,3,3,2,1,0,3,3,6,9
1413,1989,Male,Married,Travel_Rarely,No,2,3,3,4,2,1,0,2,2,3,3
1414,1992,Male,Divorced,Travel_Rarely,Yes,2,3,3,4,3,1,1,1,2,2,3
1415,1993,Male,Single,Travel_Rarely,No,3,3,2,1,3,3,0,3,2,3,5
1416,1994,Male,Divorced,Non-Travel,No,2,2,3,2,3,1,3,2,2,3,3
1417,1995,Male,Married,Travel_Rarely,No,3,3,1,4,2,2,2,4,1,1,1
1418,1996,Male,Married,Travel_Rarely,No,3,3,3,1,3,1,1,2,1,1,7
1419,1997,Male,Married,Travel_Frequently,No,3,2,4,1,3,2,1,4,2,1,4
1420,1998,Male,Divorced,Travel_Rarely,Yes,2,3,3,4,1,2,1,4,2,1,2
1421,1999,Male,Married,Travel_Rarely,No,3,3,1,4,4,1,1,3,2,1,2
1422,2000,Female,Married,Non-Travel,No,1,3,1,3,2,3,2,1,2,3,8
1423,2003,Male,Married,Travel_Rarely,Yes,3,3,3,4,3,1,1,4,2,3,3
1424,2007,Male,Single,Travel_Rarely,No,4,3,4,4,3,1,0,2,2,1,2
1425,2008,Male,Single,Travel_Rarely,No,3,3,2,2,3,2,0,4,2,3,2
1426,2009,Female,Married,Travel_Rarely,Yes,3,3,1,2,4,2,1,2,2,3,5
1427,2010,Female,Single,Travel_Rarely,No,3,2,3,3,2,1,0,4,2,1,3
1428,2012,Male,Married,Travel_Rarely,No,2,3,3,1,4,1,2,4,2,1,3
1429,2013,Male,Married,Travel_Rarely,No,3,2,2,2,2,1,1,4,1,3,7
1430,2014,Male,Single,Travel_Rarely,No,3,3,1,1,4,2,0,1,2,1,2
1431,2015,Female,Married,Travel_Rarely,No,3,1,1,2,3,3,1,3,2,3,8
1432,2016,Female,Married,Travel_Rarely,No,3,3,3,3,4,3,2,4,1,4,1
1433,2017,Female,Married,Travel_Rarely,Yes,3,4,1,3,4,3,1,3,2,1,8
1434,2018,Female,Divorced,Travel_Rarely,Yes,2,3,2,1,3,2,1,2,1,2,1
1435,2019,Male,Divorced,Non-Travel,No,2,3,2,1,4,1,2,4,1,1,7
1436,2020,Male,Single,Travel_Rarely,Yes,3,3,3,2,4,1,0,3,2,3,2
1437,2021,Male,Single,Travel_Rarely,Yes,3,3,4,3,1,1,0,1,1,3,7
1438,2022,Male,Single,Non-Travel,No,2,3,3,4,4,5,0,3,2,1,6
1439,2023,Male,Married,Travel_Frequently,No,2,3,1,4,1,1,1,3,1,4,7
1440,2024,Female,Married,Travel_Rarely,No,3,2,3,1,4,3,2,3,1,3,1
1441,2025,Female,Divorced,Travel_Frequently,No,3,3,2,4,2,2,3,2,2,1,4
1442,2026,Male,Divorced,Non-Travel,No,2,3,1,3,3,2,1,4,2,1,5
1443,2027,Male,Married,Travel_Rarely,Yes,4,3,2,1,4,1,3,4,2,3,2
1444,2031,Male,Married,Travel_Rarely,No,2,3,1,1,3,5,0,3,2,1,6
1445,2032,Male,Married,Travel_Rarely,No,1,3,4,4,3,1,1,2,2,5,3
1446,2034,Female,Married,Travel_Rarely,No,3,2,3,1,2,4,1,4,2,1,4
1447,2035,Female,Married,Travel_Rarely,No,3,2,4,4,3,2,2,3,1,4,1
1448,2036,Male,Divorced,Non-Travel,No,2,1,1,4,4,2,1,4,1,4,1
1449,2037,Male,Divorced,Travel_Rarely,No,3,2,3,3,2,2,1,3,1,1,1
1450,2038,Male,Single,Travel_Rarely,No,3,3,4,4,1,1,0,3,2,5,2
1451,2040,Female,Single,Travel_Rarely,Yes,3,3,3,3,4,3,0,4,3,1,9
1452,2041,Female,Married,Travel_Rarely,No,3,3,3,1,4,2,1,2,1,1,1
1453,2044,Male,Divorced,Travel_Frequently,No,3,3,4,2,3,2,2,4,1,1,1
1454,2045,Female,Married,Travel_Rarely,No,2,2,1,2,4,2,1,4,1,4,1
1455,2046,Female,Single,Travel_Rarely,No,3,3,3,4,3,2,0,3,1,1,1
1456,2048,Male,Single,Travel_Rarely,No,3,2,4,3,3,1,0,4,2,1,2
1457,2049,Male,Married,Travel_Frequently,Yes,4,3,4,3,3,2,2,4,2,1,5
1458,2051,Female,Married,Travel_Rarely,No,3,3,2,3,3,1,3,4,2,3,2
1459,2052,Female,Married,Travel_Rarely,No,3,1,4,3,4,1,1,4,2,1,2
1460,2053,Male,Married,Travel_Rarely,Yes,3,2,1,4,2,2,1,2,2,2,3
1461,2054,Female,Single,Travel_Rarely,No,1,2,2,4,1,1,0,4,2,3,2
1462,2055,Male,Divorced,Travel_Rarely,Yes,3,2,2,4,1,3,1,3,1,4,1
1463,2056,Female,Married,Travel_Rarely,No,2,2,1,2,4,4,1,1,1,4,1
1464,2057,Male,Single,Non-Travel,No,3,3,2,2,1,2,0,3,2,3,4
1465,2060,Female,Single,Travel_Rarely,No,3,2,4,4,3,1,0,3,1,2,7
1466,2061,Male,Married,Travel_Frequently,No,3,4,3,3,4,2,1,2,2,3,3
1467,2062,Male,Married,Travel_Rarely,No,3,2,1,4,1,3,1,1,2,3,5
1468,2064,Male,Married,Travel_Rarely,Yes,3,4,2,2,2,2,1,3,2,1,4
1469,2065,Male,Married,Travel_Frequently,No,2,2,4,4,2,2,0,3,1,3,1
1470,2068,Male,Married,Travel_Rarely,No,4,4,1,2,3,2,0,3,2,3,3
